Requirement,Sanitized topic,Category,Accounting workbook,Accepted repository baseline,Post-meeting answer,Interpretation,Spec capability,Decision state,Task gate,Evidence gate,Post source locator,Accounting locator,Baseline locator,Delivery disposition
RFP-001,Lifecycle,Application,Partial,Partial,Demonstrated,Future/meeting classification; not new runtime evidence,FR-003,Agent-resolved Q001-Q100; lead adoption pending,T003 T011 T012 T015 T016 T017 T025 T029 T030 T031 T032 T033,FR-003 clause-level gate and assigned task evidence; current baseline unchanged; future runtime/human/live proof remains unobserved,S1: Technical Requirements!E3,S2: Requirement Detail!E5,S3: docs/QUESTIONNAIRE_ROW_MAP.md,A reservation/allocation/unused release; B allocated reclaim/reuse
RFP-002,Dual-stack records,Application,Demonstrated,Demonstrated,Demonstrated,Unchanged label; retain existing evidence limits,FR-008,Agent-resolved Q001-Q100; lead adoption pending,T016 T018 T025 T039 T040,FR-008 clause-level gate and assigned task evidence; current baseline unchanged; future runtime/human/live proof remains unobserved,S1: Technical Requirements!E4,S2: Requirement Detail!E6,S3: docs/QUESTIONNAIRE_ROW_MAP.md,A preserve metrics/current holds; B prefix UI
RFP-003,Subnet editing,Application,Demonstrated,Demonstrated,Demonstrated,Unchanged label; retain existing evidence limits,FR-019,Agent-resolved Q001-Q100; lead adoption pending,T005 T006 T010 T015 T018 T021 T025,FR-019 clause-level gate and assigned task evidence; current baseline unchanged; future runtime/human/live proof remains unobserved,S1: Technical Requirements!E5,S2: Requirement Detail!E7,S3: docs/QUESTIONNAIRE_ROW_MAP.md,A compatibility under scoped access
RFP-004,Permissions,Application,Partial,Partial,Demonstrated,Future/meeting classification; not new runtime evidence,FR-005,Agent-resolved Q001-Q100; lead adoption pending,T003 T004 T005 T006 T007 T025,FR-005 clause-level gate and assigned task evidence; current baseline unchanged; future runtime/human/live proof remains unobserved,S1: Technical Requirements!E6,S2: Requirement Detail!E8,S3: docs/QUESTIONNAIRE_ROW_MAP.md,A trusted internal domain enforcement
RFP-005,Activity audit,Application,Partial,Demonstrated,Demonstrated,Unchanged label; retain existing evidence limits,FR-001,Agent-resolved Q001-Q100; lead adoption pending,T019 T025 T028,FR-001 clause-level gate and assigned task evidence; current baseline unchanged; future runtime/human/live proof remains unobserved,S1: Technical Requirements!E7,S2: Requirement Detail!E9,S3: docs/QUESTIONNAIRE_ROW_MAP.md,A evidence accounting; lead adjudication
RFP-006,Search and reports,Application,Partial,Demonstrated,Demonstrated,Unchanged label; retain existing evidence limits,FR-019,Agent-resolved Q001-Q100; lead adoption pending,T005 T006 T010 T015 T018 T021 T025,FR-019 clause-level gate and assigned task evidence; current baseline unchanged; future runtime/human/live proof remains unobserved,S1: Technical Requirements!E8,S2: Requirement Detail!E10,S3: docs/QUESTIONNAIRE_ROW_MAP.md,A compatibility under scoped access
RFP-007,Browser interface,Application,Demonstrated,Demonstrated,Demonstrated,Unchanged label; retain existing evidence limits,FR-019,Agent-resolved Q001-Q100; lead adoption pending,T005 T006 T010 T015 T018 T021 T025,FR-019 clause-level gate and assigned task evidence; current baseline unchanged; future runtime/human/live proof remains unobserved,S1: Technical Requirements!E9,S2: Requirement Detail!E11,S3: docs/QUESTIONNAIRE_ROW_MAP.md,A compatibility under scoped access
RFP-008,Tenant isolation,Deployment,Missing,Missing,Demonstrated,Future/meeting classification; not new runtime evidence,FR-005,Agent-resolved Q001-Q100; lead adoption pending,T003 T004 T005 T006 T007 T025,FR-005 clause-level gate and assigned task evidence; current baseline unchanged; future runtime/human/live proof remains unobserved,S1: Technical Requirements!E10,S2: Requirement Detail!E12,S3: docs/QUESTIONNAIRE_ROW_MAP.md,A trusted internal domain enforcement
RFP-009,Request portal,Application,Demonstrated,Demonstrated,Demonstrated,Unchanged label; retain existing evidence limits,FR-004,Agent-resolved Q001-Q100; lead adoption pending,T013 T014 T015 T020 T025 T029 T031 T032 T033,FR-004 clause-level gate and assigned task evidence; current baseline unchanged; future runtime/human/live proof remains unobserved,S1: Technical Requirements!E11,S2: Requirement Detail!E13,S3: docs/QUESTIONNAIRE_ROW_MAP.md,A simulated ticket; B service-reference reassignment; live deferred
RFP-010,Central service,Deployment,Demonstrated,Demonstrated,Demonstrated,Unchanged label; retain existing evidence limits,FR-009,Agent-resolved Q001-Q100; lead adoption pending,T005 T009 T012 T014 T017 T020 T021 T024 T025,FR-009 clause-level gate and assigned task evidence; current baseline unchanged; future runtime/human/live proof remains unobserved,S1: Technical Requirements!E12,S2: Requirement Detail!E14,S3: docs/QUESTIONNAIRE_ROW_MAP.md,A local API/offline pack; other interfaces documented
RFP-011,DNS/DHCP management,Integration,Missing,Missing,Demonstrated,Future/meeting classification; not new runtime evidence,FR-007,Agent-resolved Q001-Q100; lead adoption pending,T018 T020 T034 T035 T036 T037 T038 T040,FR-007 clause-level gate and assigned task evidence; current baseline unchanged; future runtime/human/live proof remains unobserved,S1: Technical Requirements!E13,S2: Requirement Detail!E15,S3: docs/QUESTIONNAIRE_ROW_MAP.md,Existing evidence retained; B synthetic DHCP; live deferred
RFP-012,API access,Application,Demonstrated,Demonstrated,Demonstrated,Unchanged label; retain existing evidence limits,FR-009,Agent-resolved Q001-Q100; lead adoption pending,T005 T009 T012 T014 T017 T020 T021 T024 T025,FR-009 clause-level gate and assigned task evidence; current baseline unchanged; future runtime/human/live proof remains unobserved,S1: Technical Requirements!E14,S2: Requirement Detail!E16,S3: docs/QUESTIONNAIRE_ROW_MAP.md,A local API/offline pack; other interfaces documented
RFP-013,API-driven product,Application,Demonstrated,Demonstrated,Demonstrated,Unchanged label; retain existing evidence limits,FR-009,Agent-resolved Q001-Q100; lead adoption pending,T005 T009 T012 T014 T017 T020 T021 T024 T025,FR-009 clause-level gate and assigned task evidence; current baseline unchanged; future runtime/human/live proof remains unobserved,S1: Technical Requirements!E15,S2: Requirement Detail!E17,S3: docs/QUESTIONNAIRE_ROW_MAP.md,A local API/offline pack; other interfaces documented
RFP-014,No single failure point,Deployment,Missing,Missing,Demonstrated,Future/meeting classification; not new runtime evidence,FR-016,Agent-resolved Q001-Q100; lead adoption pending,T003 T019 T023 T024 T025,FR-016 clause-level gate and assigned task evidence; current baseline unchanged; future runtime/human/live proof remains unobserved,S1: Technical Requirements!E16,S2: Requirement Detail!E18,S3: docs/QUESTIONNAIRE_ROW_MAP.md,A stopped recovery; C HA/encryption/full outage qualification
RFP-015,Active deployment modes,Deployment,Missing,Missing,Demonstrated,Future/meeting classification; not new runtime evidence,FR-016,Agent-resolved Q001-Q100; lead adoption pending,T003 T019 T023 T024 T025,FR-016 clause-level gate and assigned task evidence; current baseline unchanged; future runtime/human/live proof remains unobserved,S1: Technical Requirements!E17,S2: Requirement Detail!E19,S3: docs/QUESTIONNAIRE_ROW_MAP.md,A stopped recovery; C HA/encryption/full outage qualification
RFP-016,Failover,Deployment,Missing,Missing,Demonstrated,Future/meeting classification; not new runtime evidence,FR-016,Agent-resolved Q001-Q100; lead adoption pending,T003 T019 T023 T024 T025,FR-016 clause-level gate and assigned task evidence; current baseline unchanged; future runtime/human/live proof remains unobserved,S1: Technical Requirements!E18,S2: Requirement Detail!E20,S3: docs/QUESTIONNAIRE_ROW_MAP.md,A stopped recovery; C HA/encryption/full outage qualification
RFP-017,Geographical recovery,Deployment,Missing,Missing,Demonstrated,Future/meeting classification; not new runtime evidence,FR-016,Agent-resolved Q001-Q100; lead adoption pending,T003 T019 T023 T024 T025,FR-016 clause-level gate and assigned task evidence; current baseline unchanged; future runtime/human/live proof remains unobserved,S1: Technical Requirements!E19,S2: Requirement Detail!E21,S3: docs/QUESTIONNAIRE_ROW_MAP.md,A stopped recovery; C HA/encryption/full outage qualification
RFP-018,Backup and restore,Deployment,Demonstrated,Demonstrated,Demonstrated,Unchanged label; retain existing evidence limits,FR-016,Agent-resolved Q001-Q100; lead adoption pending,T003 T019 T023 T024 T025,FR-016 clause-level gate and assigned task evidence; current baseline unchanged; future runtime/human/live proof remains unobserved,S1: Technical Requirements!E20,S2: Requirement Detail!E22,S3: docs/QUESTIONNAIRE_ROW_MAP.md,A stopped recovery; C HA/encryption/full outage qualification
RFP-019,Recovery point,Deployment,Missing,Missing,Demonstrated,Future/meeting classification; not new runtime evidence,FR-016,Agent-resolved Q001-Q100; lead adoption pending,T003 T019 T023 T024 T025,FR-016 clause-level gate and assigned task evidence; current baseline unchanged; future runtime/human/live proof remains unobserved,S1: Technical Requirements!E21,S2: Requirement Detail!E23,S3: docs/QUESTIONNAIRE_ROW_MAP.md,A stopped recovery; C HA/encryption/full outage qualification
RFP-020,Recovery time,Deployment,Missing,Partial,Demonstrated,Future/meeting classification; not new runtime evidence,FR-016,Agent-resolved Q001-Q100; lead adoption pending,T003 T019 T023 T024 T025,FR-016 clause-level gate and assigned task evidence; current baseline unchanged; future runtime/human/live proof remains unobserved,S1: Technical Requirements!E22,S2: Requirement Detail!E24,S3: docs/QUESTIONNAIRE_ROW_MAP.md,A stopped recovery; C HA/encryption/full outage qualification
RFP-021,Encryption,Deployment,Missing,Missing,Demonstrated,Future/meeting classification; not new runtime evidence,FR-016,Agent-resolved Q001-Q100; lead adoption pending,T003 T019 T023 T024 T025,FR-016 clause-level gate and assigned task evidence; current baseline unchanged; future runtime/human/live proof remains unobserved,S1: Technical Requirements!E23,S2: Requirement Detail!E25,S3: docs/QUESTIONNAIRE_ROW_MAP.md,A stopped recovery; C HA/encryption/full outage qualification
RFP-022,Health and alerts,Deployment,Partial,Partial,Demonstrated,Future/meeting classification; not new runtime evidence,FR-006,Agent-resolved Q001-Q100; lead adoption pending,T016 T017 T018 T025,FR-006 clause-level gate and assigned task evidence; current baseline unchanged; future runtime/human/live proof remains unobserved,S1: Technical Requirements!E24,S2: Requirement Detail!E26,S3: docs/QUESTIONNAIRE_ROW_MAP.md,A bounded notices/existing exception semantics
RFP-023,Hybrid environments,Deployment,Missing,Partial,Demonstrated,Future/meeting classification; not new runtime evidence,FR-016,Agent-resolved Q001-Q100; lead adoption pending,T003 T019 T023 T024 T025,FR-016 clause-level gate and assigned task evidence; current baseline unchanged; future runtime/human/live proof remains unobserved,S1: Technical Requirements!E25,S2: Requirement Detail!E27,S3: docs/QUESTIONNAIRE_ROW_MAP.md,A stopped recovery; C HA/encryption/full outage qualification
RFP-024,Virtual network support,Deployment,Missing,Missing,Demonstrated,Future/meeting classification; not new runtime evidence,FR-018,Agent-resolved Q001-Q100; lead adoption pending,T002 T019,FR-018 clause-level gate and assigned task evidence; current baseline unchanged; future runtime/human/live proof remains unobserved,S1: Technical Requirements!E26,S2: Requirement Detail!E28,S3: docs/QUESTIONNAIRE_ROW_MAP.md,C managed-network inventory contract; no controller adapter
RFP-025,Carrier scale,Scale,Missing,Missing,Demonstrated,Future/meeting classification; not new runtime evidence,FR-017,Agent-resolved Q001-Q100; lead adoption pending,T019,FR-017 clause-level gate and assigned task evidence; current baseline unchanged; future runtime/human/live proof remains unobserved,S1: Technical Requirements!E27,S2: Requirement Detail!E29,S3: docs/QUESTIONNAIRE_ROW_MAP.md,C future scale protocol; not measured
RFP-026,Network domains,Application,Partial,Demonstrated,Demonstrated,Unchanged label; retain existing evidence limits,FR-005,Agent-resolved Q001-Q100; lead adoption pending,T003 T004 T005 T006 T007 T025,FR-005 clause-level gate and assigned task evidence; current baseline unchanged; future runtime/human/live proof remains unobserved,S1: Technical Requirements!E28,S2: Requirement Detail!E30,S3: docs/QUESTIONNAIRE_ROW_MAP.md,A trusted internal domain enforcement
RFP-027,Extra metadata,Application,Demonstrated,Demonstrated,Demonstrated,Unchanged label; retain existing evidence limits,FR-014,Agent-resolved Q001-Q100; lead adoption pending,T002 T008 T011 T019 T022,FR-014 clause-level gate and assigned task evidence; current baseline unchanged; future runtime/human/live proof remains unobserved,S1: Technical Requirements!E29,S2: Requirement Detail!E31,S3: docs/QUESTIONNAIRE_ROW_MAP.md,A fixed mappings/policy and documentary gap assessment
RFP-028,Classification,Application,Demonstrated,Demonstrated,Demonstrated,Unchanged label; retain existing evidence limits,FR-014,Agent-resolved Q001-Q100; lead adoption pending,T002 T008 T011 T019 T022,FR-014 clause-level gate and assigned task evidence; current baseline unchanged; future runtime/human/live proof remains unobserved,S1: Technical Requirements!E30,S2: Requirement Detail!E32,S3: docs/QUESTIONNAIRE_ROW_MAP.md,A fixed mappings/policy and documentary gap assessment
RFP-029,Private-space overlap,Application,Demonstrated,Demonstrated,Demonstrated,Unchanged label; retain existing evidence limits,FR-014,Agent-resolved Q001-Q100; lead adoption pending,T002 T008 T011 T019 T022,FR-014 clause-level gate and assigned task evidence; current baseline unchanged; future runtime/human/live proof remains unobserved,S1: Technical Requirements!E31,S2: Requirement Detail!E33,S3: docs/QUESTIONNAIRE_ROW_MAP.md,A fixed mappings/policy and documentary gap assessment
RFP-030,Prefix hierarchy,Application,Demonstrated,Demonstrated,Demonstrated,Unchanged label; retain existing evidence limits,FR-014,Agent-resolved Q001-Q100; lead adoption pending,T002 T008 T011 T019 T022,FR-014 clause-level gate and assigned task evidence; current baseline unchanged; future runtime/human/live proof remains unobserved,S1: Technical Requirements!E32,S2: Requirement Detail!E34,S3: docs/QUESTIONNAIRE_ROW_MAP.md,A fixed mappings/policy and documentary gap assessment
RFP-031,Common metadata,Application,Demonstrated,Demonstrated,Demonstrated,Unchanged label; retain existing evidence limits,FR-014,Agent-resolved Q001-Q100; lead adoption pending,T002 T008 T011 T019 T022,FR-014 clause-level gate and assigned task evidence; current baseline unchanged; future runtime/human/live proof remains unobserved,S1: Technical Requirements!E33,S2: Requirement Detail!E35,S3: docs/QUESTIONNAIRE_ROW_MAP.md,A fixed mappings/policy and documentary gap assessment
RFP-032,Governance,Delivery,Documentary,Documentary,Documentary,Unchanged label; retain existing evidence limits,FR-014,Agent-resolved Q001-Q100; lead adoption pending,T002 T008 T011 T019 T022,FR-014 clause-level gate and assigned task evidence; current baseline unchanged; future runtime/human/live proof remains unobserved,S1: Technical Requirements!E34,S2: Requirement Detail!E36,S3: docs/QUESTIONNAIRE_ROW_MAP.md,A fixed mappings/policy and documentary gap assessment
RFP-033,Normalization,Application,Partial,Partial,Demonstrated,Future/meeting classification; not new runtime evidence,FR-002,Agent-resolved Q001-Q100; lead adoption pending,T008 T009 T010 T022 T025,FR-002 clause-level gate and assigned task evidence; current baseline unchanged; future runtime/human/live proof remains unobserved,S1: Technical Requirements!E35,S2: Requirement Detail!E37,S3: docs/QUESTIONNAIRE_ROW_MAP.md,A build immutable assessment; no cutover
RFP-034,Duplicate inputs,Application,Demonstrated,Demonstrated,Demonstrated,Unchanged label; retain existing evidence limits,FR-002,Agent-resolved Q001-Q100; lead adoption pending,T008 T009 T010 T022 T025,FR-002 clause-level gate and assigned task evidence; current baseline unchanged; future runtime/human/live proof remains unobserved,S1: Technical Requirements!E36,S2: Requirement Detail!E38,S3: docs/QUESTIONNAIRE_ROW_MAP.md,A build immutable assessment; no cutover
RFP-035,IPv6 planning,Application,Partial,Demonstrated,Demonstrated,Unchanged label; retain existing evidence limits,FR-008,Agent-resolved Q001-Q100; lead adoption pending,T016 T018 T025 T039 T040,FR-008 clause-level gate and assigned task evidence; current baseline unchanged; future runtime/human/live proof remains unobserved,S1: Technical Requirements!E37,S2: Requirement Detail!E39,S3: docs/QUESTIONNAIRE_ROW_MAP.md,A preserve metrics/current holds; B prefix UI
RFP-036,Source discovery,Integration,Partial,Partial,Demonstrated,Future/meeting classification; not new runtime evidence,FR-002,Agent-resolved Q001-Q100; lead adoption pending,T008 T009 T010 T022 T025,FR-002 clause-level gate and assigned task evidence; current baseline unchanged; future runtime/human/live proof remains unobserved,S1: Technical Requirements!E38,S2: Requirement Detail!E40,S3: docs/QUESTIONNAIRE_ROW_MAP.md,A build immutable assessment; no cutover
RFP-037,Data quality,Application,Demonstrated,Demonstrated,Demonstrated,Unchanged label; retain existing evidence limits,FR-002,Agent-resolved Q001-Q100; lead adoption pending,T008 T009 T010 T022 T025,FR-002 clause-level gate and assigned task evidence; current baseline unchanged; future runtime/human/live proof remains unobserved,S1: Technical Requirements!E39,S2: Requirement Detail!E41,S3: docs/QUESTIONNAIRE_ROW_MAP.md,A build immutable assessment; no cutover
RFP-038,Workflow documentation,Delivery,Documentary,Documentary,Documentary,Unchanged label; retain existing evidence limits,FR-014,Agent-resolved Q001-Q100; lead adoption pending,T002 T008 T011 T019 T022,FR-014 clause-level gate and assigned task evidence; current baseline unchanged; future runtime/human/live proof remains unobserved,S1: Technical Requirements!E40,S2: Requirement Detail!E42,S3: docs/QUESTIONNAIRE_ROW_MAP.md,A fixed mappings/policy and documentary gap assessment
RFP-039,Integration inventory,Delivery,Documentary,Documentary,Documentary,Unchanged label; retain existing evidence limits,FR-009,Agent-resolved Q001-Q100; lead adoption pending,T005 T009 T012 T014 T017 T020 T021 T024 T025,FR-009 clause-level gate and assigned task evidence; current baseline unchanged; future runtime/human/live proof remains unobserved,S1: Technical Requirements!E41,S2: Requirement Detail!E43,S3: docs/QUESTIONNAIRE_ROW_MAP.md,A local API/offline pack; other interfaces documented
RFP-040,Maturity assessment,Delivery,Missing,Missing,Demonstrated,Future/meeting classification; not new runtime evidence,FR-014,Agent-resolved Q001-Q100; lead adoption pending,T002 T008 T011 T019 T022,FR-014 clause-level gate and assigned task evidence; current baseline unchanged; future runtime/human/live proof remains unobserved,S1: Technical Requirements!E42,S2: Requirement Detail!E44,S3: docs/QUESTIONNAIRE_ROW_MAP.md,A fixed mappings/policy and documentary gap assessment
RFP-041,CMDB,Integration,Missing,Missing,Missing,Unchanged label; retain existing evidence limits,FR-009,Agent-resolved Q001-Q100; lead adoption pending,T005 T009 T012 T014 T017 T020 T021 T024 T025,FR-009 clause-level gate and assigned task evidence; current baseline unchanged; future runtime/human/live proof remains unobserved,S1: Technical Requirements!E43,S2: Requirement Detail!E45,S3: docs/QUESTIONNAIRE_ROW_MAP.md,A local API/offline pack; other interfaces documented
RFP-042,Ticketing,Integration,Missing,Missing,Demonstrated,Future/meeting classification; not new runtime evidence,FR-004,Agent-resolved Q001-Q100; lead adoption pending,T013 T014 T015 T020 T025 T029 T031 T032 T033,FR-004 clause-level gate and assigned task evidence; current baseline unchanged; future runtime/human/live proof remains unobserved,S1: Technical Requirements!E44,S2: Requirement Detail!E46,S3: docs/QUESTIONNAIRE_ROW_MAP.md,A simulated ticket; B service-reference reassignment; live deferred
RFP-043,Event trigger,Application,Missing,Demonstrated,Demonstrated,Unchanged label; retain existing evidence limits,FR-011,Agent-resolved Q001-Q100; lead adoption pending,T013 T014 T020 T025,FR-011 clause-level gate and assigned task evidence; current baseline unchanged; future runtime/human/live proof remains unobserved,S1: Technical Requirements!E45,S2: Requirement Detail!E47,S3: docs/QUESTIONNAIRE_ROW_MAP.md,A closed local events/manual simulator delivery
RFP-044,Element systems,Integration,Missing,Missing,Demonstrated,Future/meeting classification; not new runtime evidence,FR-010,Agent-resolved Q001-Q100; lead adoption pending,T002 T019 T020,FR-010 clause-level gate and assigned task evidence; current baseline unchanged; future runtime/human/live proof remains unobserved,S1: Technical Requirements!E46,S2: Requirement Detail!E48,S3: docs/QUESTIONNAIRE_ROW_MAP.md,C future read-only vendor/EMS contract; no implementation
RFP-045,Access-network system,Integration,Missing,Missing,Missing,Unchanged label; retain existing evidence limits,FR-010,Agent-resolved Q001-Q100; lead adoption pending,T002 T019 T020,FR-010 clause-level gate and assigned task evidence; current baseline unchanged; future runtime/human/live proof remains unobserved,S1: Technical Requirements!E47,S2: Requirement Detail!E49,S3: docs/QUESTIONNAIRE_ROW_MAP.md,C future read-only vendor/EMS contract; no implementation
RFP-046,OSS/BSS,Integration,Missing,Missing,Demonstrated,Future/meeting classification; not new runtime evidence,FR-009,Agent-resolved Q001-Q100; lead adoption pending,T005 T009 T012 T014 T017 T020 T021 T024 T025,FR-009 clause-level gate and assigned task evidence; current baseline unchanged; future runtime/human/live proof remains unobserved,S1: Technical Requirements!E48,S2: Requirement Detail!E50,S3: docs/QUESTIONNAIRE_ROW_MAP.md,A local API/offline pack; other interfaces documented
RFP-047,Provisioning,Integration,Missing,Missing,Missing,Unchanged label; retain existing evidence limits,FR-004,Agent-resolved Q001-Q100; lead adoption pending,T013 T014 T015 T020 T025 T029 T031 T032 T033,FR-004 clause-level gate and assigned task evidence; current baseline unchanged; future runtime/human/live proof remains unobserved,S1: Technical Requirements!E49,S2: Requirement Detail!E51,S3: docs/QUESTIONNAIRE_ROW_MAP.md,A simulated ticket; B service-reference reassignment; live deferred
RFP-048,Enterprise directory,Integration,Missing,Missing,Demonstrated,Future/meeting classification; not new runtime evidence,FR-015,Agent-resolved Q001-Q100; lead adoption pending,T004 T005 T006 T007 T021 T025,FR-015 clause-level gate and assigned task evidence; current baseline unchanged; future runtime/human/live proof remains unobserved,S1: Technical Requirements!E50,S2: Requirement Detail!E52,S3: docs/QUESTIONNAIRE_ROW_MAP.md,A token principal; enterprise providers deferred
RFP-049,Single sign-on,Integration,Missing,Missing,Demonstrated,Future/meeting classification; not new runtime evidence,FR-015,Agent-resolved Q001-Q100; lead adoption pending,T004 T005 T006 T007 T021 T025,FR-015 clause-level gate and assigned task evidence; current baseline unchanged; future runtime/human/live proof remains unobserved,S1: Technical Requirements!E51,S2: Requirement Detail!E53,S3: docs/QUESTIONNAIRE_ROW_MAP.md,A token principal; enterprise providers deferred
RFP-050,LDAP,Integration,Missing,Missing,Demonstrated,Future/meeting classification; not new runtime evidence,FR-015,Agent-resolved Q001-Q100; lead adoption pending,T004 T005 T006 T007 T021 T025,FR-015 clause-level gate and assigned task evidence; current baseline unchanged; future runtime/human/live proof remains unobserved,S1: Technical Requirements!E52,S2: Requirement Detail!E54,S3: docs/QUESTIONNAIRE_ROW_MAP.md,A token principal; enterprise providers deferred
RFP-051,Certificate API auth,Integration,Missing,Missing,Demonstrated,Future/meeting classification; not new runtime evidence,FR-015,Agent-resolved Q001-Q100; lead adoption pending,T004 T005 T006 T007 T021 T025,FR-015 clause-level gate and assigned task evidence; current baseline unchanged; future runtime/human/live proof remains unobserved,S1: Technical Requirements!E53,S2: Requirement Detail!E55,S3: docs/QUESTIONNAIRE_ROW_MAP.md,A token principal; enterprise providers deferred
RFP-052,Service credentials,Integration,Missing,Missing,Missing,Unchanged label; retain existing evidence limits,FR-015,Agent-resolved Q001-Q100; lead adoption pending,T004 T005 T006 T007 T021 T025,FR-015 clause-level gate and assigned task evidence; current baseline unchanged; future runtime/human/live proof remains unobserved,S1: Technical Requirements!E54,S2: Requirement Detail!E56,S3: docs/QUESTIONNAIRE_ROW_MAP.md,A token principal; enterprise providers deferred
RFP-053,Allocation/reservation,Application,Partial,Partial,Demonstrated,Future/meeting classification; not new runtime evidence,FR-003,Agent-resolved Q001-Q100; lead adoption pending,T003 T011 T012 T015 T016 T017 T025 T029 T030 T031 T032 T033,FR-003 clause-level gate and assigned task evidence; current baseline unchanged; future runtime/human/live proof remains unobserved,S1: Technical Requirements!E55,S2: Requirement Detail!E57,S3: docs/QUESTIONNAIRE_ROW_MAP.md,A reservation/allocation/unused release; B allocated reclaim/reuse
RFP-054,Assignment policy,Application,Demonstrated,Demonstrated,Demonstrated,Unchanged label; retain existing evidence limits,FR-014,Agent-resolved Q001-Q100; lead adoption pending,T002 T008 T011 T019 T022,FR-014 clause-level gate and assigned task evidence; current baseline unchanged; future runtime/human/live proof remains unobserved,S1: Technical Requirements!E56,S2: Requirement Detail!E58,S3: docs/QUESTIONNAIRE_ROW_MAP.md,A fixed mappings/policy and documentary gap assessment
RFP-055,DNS changes,Integration,Missing,Missing,Missing,Unchanged label; retain existing evidence limits,FR-012,Agent-resolved Q001-Q100; lead adoption pending,T005 T019 T020 T021,FR-012 clause-level gate and assigned task evidence; current baseline unchanged; future runtime/human/live proof remains unobserved,S1: Technical Requirements!E57,S2: Requirement Detail!E59,S3: docs/QUESTIONNAIRE_ROW_MAP.md,A existing IPAM export; C DNS parser/live/write
RFP-056,DHCP changes,Integration,Missing,Missing,Demonstrated,Future/meeting classification; not new runtime evidence,FR-007,Agent-resolved Q001-Q100; lead adoption pending,T018 T020 T034 T035 T036 T037 T038 T040,FR-007 clause-level gate and assigned task evidence; current baseline unchanged; future runtime/human/live proof remains unobserved,S1: Technical Requirements!E58,S2: Requirement Detail!E60,S3: docs/QUESTIONNAIRE_ROW_MAP.md,Existing evidence retained; B synthetic DHCP; live deferred
RFP-057,Reclaim execution,Application,Missing,Missing,Demonstrated,Future/meeting classification; not new runtime evidence,FR-003,Agent-resolved Q001-Q100; lead adoption pending,T003 T011 T012 T015 T016 T017 T025 T029 T030 T031 T032 T033,FR-003 clause-level gate and assigned task evidence; current baseline unchanged; future runtime/human/live proof remains unobserved,S1: Technical Requirements!E59,S2: Requirement Detail!E61,S3: docs/QUESTIONNAIRE_ROW_MAP.md,A reservation/allocation/unused release; B allocated reclaim/reuse
RFP-058,Infrastructure integration,Integration,Missing,Missing,Demonstrated,Future/meeting classification; not new runtime evidence,FR-022,Agent-resolved Q001-Q100; lead adoption pending,T019,FR-022 clause-level gate and assigned task evidence; current baseline unchanged; future runtime/human/live proof remains unobserved,S1: Technical Requirements!E60,S2: Requirement Detail!E62,S3: docs/QUESTIONNAIRE_ROW_MAP.md,C fixed-state boundary documented; workflow designer/IaC deferred
RFP-059,Lifecycle framework,Application,Partial,Partial,Demonstrated,Future/meeting classification; not new runtime evidence,FR-003,Agent-resolved Q001-Q100; lead adoption pending,T003 T011 T012 T015 T016 T017 T025 T029 T030 T031 T032 T033,FR-003 clause-level gate and assigned task evidence; current baseline unchanged; future runtime/human/live proof remains unobserved,S1: Technical Requirements!E61,S2: Requirement Detail!E63,S3: docs/QUESTIONNAIRE_ROW_MAP.md,A reservation/allocation/unused release; B allocated reclaim/reuse
RFP-060,Approval flow,Application,Demonstrated,Demonstrated,Demonstrated,Unchanged label; retain existing evidence limits,FR-004,Agent-resolved Q001-Q100; lead adoption pending,T013 T014 T015 T020 T025 T029 T031 T032 T033,FR-004 clause-level gate and assigned task evidence; current baseline unchanged; future runtime/human/live proof remains unobserved,S1: Technical Requirements!E62,S2: Requirement Detail!E64,S3: docs/QUESTIONNAIRE_ROW_MAP.md,A simulated ticket; B service-reference reassignment; live deferred
RFP-061,Continuous discovery,Integration,Missing,Missing,Demonstrated,Future/meeting classification; not new runtime evidence,FR-013,Agent-resolved Q001-Q100; lead adoption pending,T005 T018 T025,FR-013 clause-level gate and assigned task evidence; current baseline unchanged; future runtime/human/live proof remains unobserved,S1: Technical Requirements!E63,S2: Requirement Detail!E65,S3: docs/QUESTIONNAIRE_ROW_MAP.md,A preserve evidence/unknown semantics; no new collector
RFP-062,Validation,Application,Demonstrated,Demonstrated,Demonstrated,Unchanged label; retain existing evidence limits,FR-013,Agent-resolved Q001-Q100; lead adoption pending,T005 T018 T025,FR-013 clause-level gate and assigned task evidence; current baseline unchanged; future runtime/human/live proof remains unobserved,S1: Technical Requirements!E64,S2: Requirement Detail!E66,S3: docs/QUESTIONNAIRE_ROW_MAP.md,A preserve evidence/unknown semantics; no new collector
RFP-063,Reconciliation,Application,Demonstrated,Demonstrated,Demonstrated,Unchanged label; retain existing evidence limits,FR-013,Agent-resolved Q001-Q100; lead adoption pending,T005 T018 T025,FR-013 clause-level gate and assigned task evidence; current baseline unchanged; future runtime/human/live proof remains unobserved,S1: Technical Requirements!E65,S2: Requirement Detail!E67,S3: docs/QUESTIONNAIRE_ROW_MAP.md,A preserve evidence/unknown semantics; no new collector
RFP-064,Conflicting assignments,Application,Demonstrated,Demonstrated,Demonstrated,Unchanged label; retain existing evidence limits,FR-013,Agent-resolved Q001-Q100; lead adoption pending,T005 T018 T025,FR-013 clause-level gate and assigned task evidence; current baseline unchanged; future runtime/human/live proof remains unobserved,S1: Technical Requirements!E66,S2: Requirement Detail!E68,S3: docs/QUESTIONNAIRE_ROW_MAP.md,A preserve evidence/unknown semantics; no new collector
RFP-065,Stale allocation,Application,Partial,Partial,Demonstrated,Future/meeting classification; not new runtime evidence,FR-003,Agent-resolved Q001-Q100; lead adoption pending,T003 T011 T012 T015 T016 T017 T025 T029 T030 T031 T032 T033,FR-003 clause-level gate and assigned task evidence; current baseline unchanged; future runtime/human/live proof remains unobserved,S1: Technical Requirements!E67,S2: Requirement Detail!E69,S3: docs/QUESTIONNAIRE_ROW_MAP.md,A reservation/allocation/unused release; B allocated reclaim/reuse
RFP-066,Unassigned usage,Application,Partial,Partial,Demonstrated,Future/meeting classification; not new runtime evidence,FR-013,Agent-resolved Q001-Q100; lead adoption pending,T005 T018 T025,FR-013 clause-level gate and assigned task evidence; current baseline unchanged; future runtime/human/live proof remains unobserved,S1: Technical Requirements!E68,S2: Requirement Detail!E70,S3: docs/QUESTIONNAIRE_ROW_MAP.md,A preserve evidence/unknown semantics; no new collector
RFP-067,Cross-system validation,Integration,Missing,Missing,Demonstrated,Future/meeting classification; not new runtime evidence,FR-010,Agent-resolved Q001-Q100; lead adoption pending,T002 T019 T020,FR-010 clause-level gate and assigned task evidence; current baseline unchanged; future runtime/human/live proof remains unobserved,S1: Technical Requirements!E69,S2: Requirement Detail!E71,S3: docs/QUESTIONNAIRE_ROW_MAP.md,C future read-only vendor/EMS contract; no implementation
RFP-068,Run schedule,Application,Demonstrated,Demonstrated,Demonstrated,Unchanged label; retain existing evidence limits,FR-011,Agent-resolved Q001-Q100; lead adoption pending,T013 T014 T020 T025,FR-011 clause-level gate and assigned task evidence; current baseline unchanged; future runtime/human/live proof remains unobserved,S1: Technical Requirements!E70,S2: Requirement Detail!E72,S3: docs/QUESTIONNAIRE_ROW_MAP.md,A closed local events/manual simulator delivery
RFP-069,Reconciliation reports,Application,Demonstrated,Demonstrated,Demonstrated,Unchanged label; retain existing evidence limits,FR-019,Agent-resolved Q001-Q100; lead adoption pending,T005 T006 T010 T015 T018 T021 T025,FR-019 clause-level gate and assigned task evidence; current baseline unchanged; future runtime/human/live proof remains unobserved,S1: Technical Requirements!E71,S2: Requirement Detail!E73,S3: docs/QUESTIONNAIRE_ROW_MAP.md,A compatibility under scoped access
RFP-070,Remediation,Application,Demonstrated,Demonstrated,Demonstrated,Unchanged label; retain existing evidence limits,FR-004,Agent-resolved Q001-Q100; lead adoption pending,T013 T014 T015 T020 T025 T029 T031 T032 T033,FR-004 clause-level gate and assigned task evidence; current baseline unchanged; future runtime/human/live proof remains unobserved,S1: Technical Requirements!E72,S2: Requirement Detail!E74,S3: docs/QUESTIONNAIRE_ROW_MAP.md,A simulated ticket; B service-reference reassignment; live deferred
RFP-071,Run history,Application,Demonstrated,Demonstrated,Demonstrated,Unchanged label; retain existing evidence limits,FR-019,Agent-resolved Q001-Q100; lead adoption pending,T005 T006 T010 T015 T018 T021 T025,FR-019 clause-level gate and assigned task evidence; current baseline unchanged; future runtime/human/live proof remains unobserved,S1: Technical Requirements!E73,S2: Requirement Detail!E75,S3: docs/QUESTIONNAIRE_ROW_MAP.md,A compatibility under scoped access
RFP-072,Discrepancy notice,Application,Demonstrated,Demonstrated,Demonstrated,Unchanged label; retain existing evidence limits,FR-006,Agent-resolved Q001-Q100; lead adoption pending,T016 T017 T018 T025,FR-006 clause-level gate and assigned task evidence; current baseline unchanged; future runtime/human/live proof remains unobserved,S1: Technical Requirements!E74,S2: Requirement Detail!E76,S3: docs/QUESTIONNAIRE_ROW_MAP.md,A bounded notices/existing exception semantics
RFP-073,Utilization view,Application,Demonstrated,Demonstrated,Demonstrated,Unchanged label; retain existing evidence limits,FR-008,Agent-resolved Q001-Q100; lead adoption pending,T016 T018 T025 T039 T040,FR-008 clause-level gate and assigned task evidence; current baseline unchanged; future runtime/human/live proof remains unobserved,S1: Technical Requirements!E75,S2: Requirement Detail!E77,S3: docs/QUESTIONNAIRE_ROW_MAP.md,A preserve metrics/current holds; B prefix UI
RFP-074,Forecasting,Application,Demonstrated,Demonstrated,Demonstrated,Unchanged label; retain existing evidence limits,FR-008,Agent-resolved Q001-Q100; lead adoption pending,T016 T018 T025 T039 T040,FR-008 clause-level gate and assigned task evidence; current baseline unchanged; future runtime/human/live proof remains unobserved,S1: Technical Requirements!E76,S2: Requirement Detail!E78,S3: docs/QUESTIONNAIRE_ROW_MAP.md,A preserve metrics/current holds; B prefix UI
RFP-075,Candidate space,Application,Partial,Partial,Demonstrated,Future/meeting classification; not new runtime evidence,FR-003,Agent-resolved Q001-Q100; lead adoption pending,T003 T011 T012 T015 T016 T017 T025 T029 T030 T031 T032 T033,FR-003 clause-level gate and assigned task evidence; current baseline unchanged; future runtime/human/live proof remains unobserved,S1: Technical Requirements!E77,S2: Requirement Detail!E79,S3: docs/QUESTIONNAIRE_ROW_MAP.md,A reservation/allocation/unused release; B allocated reclaim/reuse
RFP-076,Operational metrics,Application,Demonstrated,Demonstrated,Demonstrated,Unchanged label; retain existing evidence limits,FR-008,Agent-resolved Q001-Q100; lead adoption pending,T016 T018 T025 T039 T040,FR-008 clause-level gate and assigned task evidence; current baseline unchanged; future runtime/human/live proof remains unobserved,S1: Technical Requirements!E78,S2: Requirement Detail!E80,S3: docs/QUESTIONNAIRE_ROW_MAP.md,A preserve metrics/current holds; B prefix UI
RFP-077,Overview dashboard,Application,Partial,Demonstrated,Demonstrated,Unchanged label; retain existing evidence limits,FR-019,Agent-resolved Q001-Q100; lead adoption pending,T005 T006 T010 T015 T018 T021 T025,FR-019 clause-level gate and assigned task evidence; current baseline unchanged; future runtime/human/live proof remains unobserved,S1: Technical Requirements!E79,S2: Requirement Detail!E81,S3: docs/QUESTIONNAIRE_ROW_MAP.md,A compatibility under scoped access
RFP-078,Audit reporting,Application,Partial,Partial,Demonstrated,Future/meeting classification; not new runtime evidence,FR-001,Agent-resolved Q001-Q100; lead adoption pending,T019 T025 T028,FR-001 clause-level gate and assigned task evidence; current baseline unchanged; future runtime/human/live proof remains unobserved,S1: Technical Requirements!E80,S2: Requirement Detail!E82,S3: docs/QUESTIONNAIRE_ROW_MAP.md,A evidence accounting; lead adjudication
RFP-079,Ownership,Delivery,Partial,Partial,Demonstrated,Future/meeting classification; not new runtime evidence,FR-005,Agent-resolved Q001-Q100; lead adoption pending,T003 T004 T005 T006 T007 T025,FR-005 clause-level gate and assigned task evidence; current baseline unchanged; future runtime/human/live proof remains unobserved,S1: Technical Requirements!E81,S2: Requirement Detail!E83,S3: docs/QUESTIONNAIRE_ROW_MAP.md,A trusted internal domain enforcement
RFP-080,Lifecycle process,Delivery,Partial,Partial,Demonstrated,Future/meeting classification; not new runtime evidence,FR-003,Agent-resolved Q001-Q100; lead adoption pending,T003 T011 T012 T015 T016 T017 T025 T029 T030 T031 T032 T033,FR-003 clause-level gate and assigned task evidence; current baseline unchanged; future runtime/human/live proof remains unobserved,S1: Technical Requirements!E82,S2: Requirement Detail!E84,S3: docs/QUESTIONNAIRE_ROW_MAP.md,A reservation/allocation/unused release; B allocated reclaim/reuse
RFP-081,Team handoff,Delivery,Partial,Partial,Demonstrated,Future/meeting classification; not new runtime evidence,FR-004,Agent-resolved Q001-Q100; lead adoption pending,T013 T014 T015 T020 T025 T029 T031 T032 T033,FR-004 clause-level gate and assigned task evidence; current baseline unchanged; future runtime/human/live proof remains unobserved,S1: Technical Requirements!E83,S2: Requirement Detail!E85,S3: docs/QUESTIONNAIRE_ROW_MAP.md,A simulated ticket; B service-reference reassignment; live deferred
RFP-082,Exception escalation,Application,Demonstrated,Demonstrated,Demonstrated,Unchanged label; retain existing evidence limits,FR-004,Agent-resolved Q001-Q100; lead adoption pending,T013 T014 T015 T020 T025 T029 T031 T032 T033,FR-004 clause-level gate and assigned task evidence; current baseline unchanged; future runtime/human/live proof remains unobserved,S1: Technical Requirements!E84,S2: Requirement Detail!E86,S3: docs/QUESTIONNAIRE_ROW_MAP.md,A simulated ticket; B service-reference reassignment; live deferred
RFP-083,Review cadence,Delivery,Documentary,Documentary,Demonstrated,Future/meeting classification; not new runtime evidence,FR-001,Agent-resolved Q001-Q100; lead adoption pending,T019 T025 T028,FR-001 clause-level gate and assigned task evidence; current baseline unchanged; future runtime/human/live proof remains unobserved,S1: Technical Requirements!E85,S2: Requirement Detail!E87,S3: docs/QUESTIONNAIRE_ROW_MAP.md,A evidence accounting; lead adjudication
RFP-084,Change controls,Application,Demonstrated,Demonstrated,Demonstrated,Unchanged label; retain existing evidence limits,FR-014,Agent-resolved Q001-Q100; lead adoption pending,T002 T008 T011 T019 T022,FR-014 clause-level gate and assigned task evidence; current baseline unchanged; future runtime/human/live proof remains unobserved,S1: Technical Requirements!E86,S2: Requirement Detail!E88,S3: docs/QUESTIONNAIRE_ROW_MAP.md,A fixed mappings/policy and documentary gap assessment
RFP-085,Validation policy,Application,Demonstrated,Demonstrated,Demonstrated,Unchanged label; retain existing evidence limits,FR-014,Agent-resolved Q001-Q100; lead adoption pending,T002 T008 T011 T019 T022,FR-014 clause-level gate and assigned task evidence; current baseline unchanged; future runtime/human/live proof remains unobserved,S1: Technical Requirements!E87,S2: Requirement Detail!E89,S3: docs/QUESTIONNAIRE_ROW_MAP.md,A fixed mappings/policy and documentary gap assessment
RFP-086,Improvement method,Delivery,Documentary,Documentary,Demonstrated,Future/meeting classification; not new runtime evidence,FR-001,Agent-resolved Q001-Q100; lead adoption pending,T019 T025 T028,FR-001 clause-level gate and assigned task evidence; current baseline unchanged; future runtime/human/live proof remains unobserved,S1: Technical Requirements!E88,S2: Requirement Detail!E90,S3: docs/QUESTIONNAIRE_ROW_MAP.md,A evidence accounting; lead adjudication
RFP-087,Legacy migration,Application,Partial,Partial,Demonstrated,Future/meeting classification; not new runtime evidence,FR-002,Agent-resolved Q001-Q100; lead adoption pending,T008 T009 T010 T022 T025,FR-002 clause-level gate and assigned task evidence; current baseline unchanged; future runtime/human/live proof remains unobserved,S1: Technical Requirements!E89,S2: Requirement Detail!E91,S3: docs/QUESTIONNAIRE_ROW_MAP.md,A build immutable assessment; no cutover
RFP-088,Domain migration plan,Delivery,Documentary,Documentary,Demonstrated,Future/meeting classification; not new runtime evidence,FR-002,Agent-resolved Q001-Q100; lead adoption pending,T008 T009 T010 T022 T025,FR-002 clause-level gate and assigned task evidence; current baseline unchanged; future runtime/human/live proof remains unobserved,S1: Technical Requirements!E90,S2: Requirement Detail!E92,S3: docs/QUESTIONNAIRE_ROW_MAP.md,A build immutable assessment; no cutover
RFP-089,Migration validation,Application,Missing,Missing,Demonstrated,Future/meeting classification; not new runtime evidence,FR-002,Agent-resolved Q001-Q100; lead adoption pending,T008 T009 T010 T022 T025,FR-002 clause-level gate and assigned task evidence; current baseline unchanged; future runtime/human/live proof remains unobserved,S1: Technical Requirements!E91,S2: Requirement Detail!E93,S3: docs/QUESTIONNAIRE_ROW_MAP.md,A build immutable assessment; no cutover
RFP-090,App deployment,Deployment,Demonstrated,Demonstrated,Demonstrated,Unchanged label; retain existing evidence limits,FR-021,Agent-resolved Q001-Q100; lead adoption pending,T020 T022 T023 T024 T025 T026 T028,FR-021 clause-level gate and assigned task evidence; current baseline unchanged; future runtime/human/live proof remains unobserved,S1: Technical Requirements!E92,S2: Requirement Detail!E94,S3: docs/QUESTIONNAIRE_ROW_MAP.md,A bounded operator pack; runtime/human gates separate
RFP-091,Orchestration deployment,Deployment,Partial,Partial,Demonstrated,Future/meeting classification; not new runtime evidence,FR-007,Agent-resolved Q001-Q100; lead adoption pending,T018 T020 T034 T035 T036 T037 T038 T040,FR-007 clause-level gate and assigned task evidence; current baseline unchanged; future runtime/human/live proof remains unobserved,S1: Technical Requirements!E93,S2: Requirement Detail!E95,S3: docs/QUESTIONNAIRE_ROW_MAP.md,Existing evidence retained; B synthetic DHCP; live deferred
RFP-092,Training material,Delivery,Demonstrated,Documentary,Documentary,Unchanged label; retain existing evidence limits,FR-021,Agent-resolved Q001-Q100; lead adoption pending,T020 T022 T023 T024 T025 T026 T028,FR-021 clause-level gate and assigned task evidence; current baseline unchanged; future runtime/human/live proof remains unobserved,S1: Technical Requirements!E94,S2: Requirement Detail!E96,S3: docs/QUESTIONNAIRE_ROW_MAP.md,A bounded operator pack; runtime/human gates separate
RFP-093,Very large active inventory,Scale,Missing,Missing,Demonstrated,Future/meeting classification; not new runtime evidence,FR-017,Agent-resolved Q001-Q100; lead adoption pending,T019,FR-017 clause-level gate and assigned task evidence; current baseline unchanged; future runtime/human/live proof remains unobserved,S1: Technical Requirements!E95,S2: Requirement Detail!E97,S3: docs/QUESTIONNAIRE_ROW_MAP.md,C future scale protocol; not measured
RFP-094,Millions of records,Scale,Missing,Missing,Demonstrated,Future/meeting classification; not new runtime evidence,FR-017,Agent-resolved Q001-Q100; lead adoption pending,T019,FR-017 clause-level gate and assigned task evidence; current baseline unchanged; future runtime/human/live proof remains unobserved,S1: Technical Requirements!E96,S2: Requirement Detail!E98,S3: docs/QUESTIONNAIRE_ROW_MAP.md,C future scale protocol; not measured
RFP-095,Regional hierarchy,Application,Demonstrated,Demonstrated,Demonstrated,Unchanged label; retain existing evidence limits,FR-008,Agent-resolved Q001-Q100; lead adoption pending,T016 T018 T025 T039 T040,FR-008 clause-level gate and assigned task evidence; current baseline unchanged; future runtime/human/live proof remains unobserved,S1: Technical Requirements!E97,S2: Requirement Detail!E99,S3: docs/QUESTIONNAIRE_ROW_MAP.md,A preserve metrics/current holds; B prefix UI
RFP-096,Provider DNS/DHCP,Scale,Missing,Missing,Demonstrated,Future/meeting classification; not new runtime evidence,FR-007,Agent-resolved Q001-Q100; lead adoption pending,T018 T020 T034 T035 T036 T037 T038 T040,FR-007 clause-level gate and assigned task evidence; current baseline unchanged; future runtime/human/live proof remains unobserved,S1: Technical Requirements!E98,S2: Requirement Detail!E100,S3: docs/QUESTIONNAIRE_ROW_MAP.md,Existing evidence retained; B synthetic DHCP; live deferred
RFP-097,Large-team concurrency,Scale,Missing,Missing,Demonstrated,Future/meeting classification; not new runtime evidence,FR-017,Agent-resolved Q001-Q100; lead adoption pending,T019,FR-017 clause-level gate and assigned task evidence; current baseline unchanged; future runtime/human/live proof remains unobserved,S1: Technical Requirements!E99,S2: Requirement Detail!E101,S3: docs/QUESTIONNAIRE_ROW_MAP.md,C future scale protocol; not measured
RFP-098,Subscriber allocation,Integration,Missing,Missing,Demonstrated,Future/meeting classification; not new runtime evidence,FR-004,Agent-resolved Q001-Q100; lead adoption pending,T013 T014 T015 T020 T025 T029 T031 T032 T033,FR-004 clause-level gate and assigned task evidence; current baseline unchanged; future runtime/human/live proof remains unobserved,S1: Technical Requirements!E100,S2: Requirement Detail!E102,S3: docs/QUESTIONNAIRE_ROW_MAP.md,A simulated ticket; B service-reference reassignment; live deferred
RFP-099,Reference portfolio,Delivery,Missing,Missing,Missing,Unchanged label; retain existing evidence limits,FR-020,Agent-resolved Q001-Q100; lead adoption pending,T019 T024 T026 T028,FR-020 clause-level gate and assigned task evidence; current baseline unchanged; future runtime/human/live proof remains unobserved,S1: Technical Requirements!E101,S2: Requirement Detail!E103,S3: docs/QUESTIONNAIRE_ROW_MAP.md,Documentary human evidence register; commercial/license execution deferred
RFP-100,Telecom references,Delivery,Missing,Missing,Demonstrated,Future/meeting classification; not new runtime evidence,FR-020,Agent-resolved Q001-Q100; lead adoption pending,T019 T024 T026 T028,FR-020 clause-level gate and assigned task evidence; current baseline unchanged; future runtime/human/live proof remains unobserved,S1: Technical Requirements!E102,S2: Requirement Detail!E104,S3: docs/QUESTIONNAIRE_ROW_MAP.md,Documentary human evidence register; commercial/license execution deferred
RFP-101,Very large reference,Delivery,Missing,Missing,Demonstrated,Future/meeting classification; not new runtime evidence,FR-020,Agent-resolved Q001-Q100; lead adoption pending,T019 T024 T026 T028,FR-020 clause-level gate and assigned task evidence; current baseline unchanged; future runtime/human/live proof remains unobserved,S1: Technical Requirements!E103,S2: Requirement Detail!E105,S3: docs/QUESTIONNAIRE_ROW_MAP.md,Documentary human evidence register; commercial/license execution deferred
RFP-102,Implementation method,Delivery,Documentary,Documentary,Documentary,Unchanged label; retain existing evidence limits,FR-020,Agent-resolved Q001-Q100; lead adoption pending,T019 T024 T026 T028,FR-020 clause-level gate and assigned task evidence; current baseline unchanged; future runtime/human/live proof remains unobserved,S1: Technical Requirements!E104,S2: Requirement Detail!E106,S3: docs/QUESTIONNAIRE_ROW_MAP.md,Documentary human evidence register; commercial/license execution deferred
RFP-103,Delivery staffing,Delivery,Missing,Missing,Demonstrated,Future/meeting classification; not new runtime evidence,FR-020,Agent-resolved Q001-Q100; lead adoption pending,T019 T024 T026 T028,FR-020 clause-level gate and assigned task evidence; current baseline unchanged; future runtime/human/live proof remains unobserved,S1: Technical Requirements!E105,S2: Requirement Detail!E107,S3: docs/QUESTIONNAIRE_ROW_MAP.md,Documentary human evidence register; commercial/license execution deferred
RFP-104,Knowledge transfer,Delivery,Demonstrated,Missing,Documentary,Future/meeting classification; not new runtime evidence,FR-021,Agent-resolved Q001-Q100; lead adoption pending,T020 T022 T023 T024 T025 T026 T028,FR-021 clause-level gate and assigned task evidence; current baseline unchanged; future runtime/human/live proof remains unobserved,S1: Technical Requirements!E106,S2: Requirement Detail!E108,S3: docs/QUESTIONNAIRE_ROW_MAP.md,A bounded operator pack; runtime/human gates separate
RFP-105,Product roadmap,Delivery,Documentary,Documentary,Documentary,Unchanged label; retain existing evidence limits,FR-020,Agent-resolved Q001-Q100; lead adoption pending,T019 T024 T026 T028,FR-020 clause-level gate and assigned task evidence; current baseline unchanged; future runtime/human/live proof remains unobserved,S1: Technical Requirements!E107,S2: Requirement Detail!E109,S3: docs/QUESTIONNAIRE_ROW_MAP.md,Documentary human evidence register; commercial/license execution deferred
RFP-106,Dependency disclosure,Delivery,Demonstrated,Documentary,Documentary,Unchanged label; retain existing evidence limits,FR-021,Agent-resolved Q001-Q100; lead adoption pending,T020 T022 T023 T024 T025 T026 T028,FR-021 clause-level gate and assigned task evidence; current baseline unchanged; future runtime/human/live proof remains unobserved,S1: Technical Requirements!E108,S2: Requirement Detail!E110,S3: docs/QUESTIONNAIRE_ROW_MAP.md,A bounded operator pack; runtime/human gates separate
RFP-107,Local support,Delivery,Missing,Missing,Documentary,Future/meeting classification; not new runtime evidence,FR-020,Agent-resolved Q001-Q100; lead adoption pending,T019 T024 T026 T028,FR-020 clause-level gate and assigned task evidence; current baseline unchanged; future runtime/human/live proof remains unobserved,S1: Technical Requirements!E109,S2: Requirement Detail!E111,S3: docs/QUESTIONNAIRE_ROW_MAP.md,Documentary human evidence register; commercial/license execution deferred
RFP-108,Licensing offer,Delivery,Missing,Missing,Documentary,Future/meeting classification; not new runtime evidence,FR-020,Agent-resolved Q001-Q100; lead adoption pending,T019 T024 T026 T028,FR-020 clause-level gate and assigned task evidence; current baseline unchanged; future runtime/human/live proof remains unobserved,S1: Technical Requirements!E110,S2: Requirement Detail!E112,S3: docs/QUESTIONNAIRE_ROW_MAP.md,Documentary human evidence register; commercial/license execution deferred
RFP-109,Service commitments,Delivery,Missing,Missing,Documentary,Future/meeting classification; not new runtime evidence,FR-020,Agent-resolved Q001-Q100; lead adoption pending,T019 T024 T026 T028,FR-020 clause-level gate and assigned task evidence; current baseline unchanged; future runtime/human/live proof remains unobserved,S1: Technical Requirements!E111,S2: Requirement Detail!E113,S3: docs/QUESTIONNAIRE_ROW_MAP.md,Documentary human evidence register; commercial/license execution deferred
RFP-110,Compliance evidence,Delivery,Missing,Missing,Documentary,Future/meeting classification; not new runtime evidence,FR-020,Agent-resolved Q001-Q100; lead adoption pending,T019 T024 T026 T028,FR-020 clause-level gate and assigned task evidence; current baseline unchanged; future runtime/human/live proof remains unobserved,S1: Technical Requirements!E112,S2: Requirement Detail!E114,S3: docs/QUESTIONNAIRE_ROW_MAP.md,Documentary human evidence register; commercial/license execution deferred
RFP-111,Configurable lifecycle,Application,Missing,Missing,Missing,Unchanged label; retain existing evidence limits,FR-022,Agent-resolved Q001-Q100; lead adoption pending,T019,FR-022 clause-level gate and assigned task evidence; current baseline unchanged; future runtime/human/live proof remains unobserved,S1: Technical Requirements!E113,S2: Requirement Detail!E115,S3: docs/QUESTIONNAIRE_ROW_MAP.md,C fixed-state boundary documented; workflow designer/IaC deferred
