id,round,question,recommendation,answer,rationale,requirements,prerequisites,downstream,status,answer_source,conflict
Q001,1,"What must be true at the end of the three days: a coherent working demo, a demo with at least one real sandbox integration, or a production-design package?",A coherent working demo with explicit simulated boundaries; include one real sandbox only if access and the contract are ready early.,,A finish line is needed before deciding integration depth and evidence gates.,FR-001 FR-004 FR-007 FR-016 FR-017 FR-021,Task scope and available source inspection,"Q009, Q010, Q011, Q012, Q013, Q014, Q015, Q016, Q017, Q018, Q019, Q020, Q021, Q022, Q023, Q024, Q025, Q026, Q027, Q028, Q029, Q030, Q031, Q032, Q033, Q034, Q035, Q036, Q037, Q038, Q039, Q040, Q041, Q042, Q043, Q044, Q045, Q046, Q047, Q048, Q049, Q050, Q051, Q052, Q053, Q054, Q055, Q056, Q057, Q058, Q059, Q060, Q061, Q062, Q063, Q064, Q065, Q066, Q067, Q068, Q069, Q070, Q081, Q082, Q083, Q084, Q085, Q086, Q087, Q088, Q089, Q090, Q091, Q092, Q093, Q094, Q095, Q096, Q097, Q098, Q099, Q100",Awaiting answer,,
Q002,1,"Which workflow should be the centerpiece: migration/import/compare, subscriber change through ServiceNow, or domain operations and alerts?",Migration/import/compare feeding one reviewed IP change and a correlated ServiceNow handoff.,,One connected workflow provides a usable delivery target and a defensible drop order.,FR-002 FR-003 FR-004 FR-005 FR-006,Task scope and available source inspection,"Q009, Q010, Q011, Q012, Q013, Q014, Q015, Q016, Q017, Q018, Q019, Q020, Q021, Q022, Q023, Q024, Q025, Q026, Q027, Q028, Q029, Q030, Q031, Q032, Q033, Q034, Q035, Q036, Q037, Q038, Q039, Q040, Q041, Q042, Q043, Q044, Q045, Q046, Q047, Q048, Q049, Q050, Q051, Q052, Q053, Q054, Q055, Q056, Q057, Q058, Q059, Q060, Q061, Q062, Q063, Q064, Q065, Q066, Q067, Q068, Q069, Q070, Q071, Q072, Q073, Q074, Q075, Q076, Q077, Q078, Q079, Q080, Q089, Q090, Q091, Q092, Q093, Q094, Q095, Q096, Q097, Q098, Q099, Q100",Awaiting answer,,
Q003,1,"Should multi-tenant mean internal domains with controlled access, or separate customer organizations with hard isolation?",Internal domain access first; treat separate customer tenants as a distinct later requirement.,,"The choice changes identity, visibility, data ownership and storage boundaries.",FR-005 FR-015,Task scope and available source inspection,"Q009, Q010, Q011, Q012, Q013, Q014, Q015, Q016, Q017, Q018, Q019, Q020",Awaiting answer,,
Q004,1,"Should containerized/virtualized networks mean deploying IPAM in containers/VMs, or managing those networks' address inventory?",Managing their address inventory; packaging is already a separate capability.,,This prevents counting the same packaging evidence against two different outcomes.,FR-018 FR-021,Task scope and available source inspection,"Q021, Q022, Q023, Q024, Q025, Q026, Q027, Q028, Q029, Q030, Q031, Q032, Q081, Q082, Q083, Q084, Q085, Q086, Q087, Q088",Awaiting answer,,
Q005,1,"What should the maturity assessment deliver: an evidence-backed gap/action report, a scored maturity model, or external benchmarking?",An evidence-backed gap/action report with owners and priorities.,,A scored benchmark requires a defined rubric and defensible comparison evidence.,FR-014 FR-020,Task scope and available source inspection,"Q071, Q072, Q073, Q074, Q075, Q076, Q077, Q078, Q079, Q080",Awaiting answer,,
Q006,1,"Is the product expected to manage existing DNS/DHCP systems, or operate the DNS/DHCP services themselves?",Manage existing systems through supported interfaces; keep DNS writes excluded.,,Operating network services is a different product and operational responsibility.,FR-007 FR-012 FR-017,Task scope and available source inspection,"Q047, Q048, Q049, Q050, Q051, Q052, Q053, Q054, Q055, Q056, Q057, Q058, Q059, Q060, Q061, Q062, Q063, Q064, Q065, Q066, Q067, Q068, Q069, Q070, Q081, Q082, Q083, Q084, Q085, Q086, Q087, Q088",Awaiting answer,,
Q007,1,"What three-day window and working-hour budget should the plan use, including your review time and Spencer's available hours?","Start the clock at implementation authorization, reserve 20% for integration/recovery, and use Spencer's earlier 6–8 hours total only if you renew that budget.",,Dates and actual human capacity cannot be inferred from model parallelism.,FR-021 FR-001,Task scope and available source inspection,"Q081, Q082, Q083, Q084, Q085, Q086, Q087, Q088, Q089, Q090, Q091, Q092, Q093, Q094, Q095, Q096, Q097, Q098, Q099, Q100",Awaiting answer,,
Q008,1,"Whose successful use should determine the demo's flow: a domain operator, an integration engineer, or an executive reviewer?","A domain operator, with short supporting integration and executive views.",,A primary audience keeps the workflow and acceptance evidence focused.,FR-002 FR-004 FR-006 FR-019,Task scope and available source inspection,"Q009, Q010, Q011, Q012, Q013, Q014, Q015, Q016, Q017, Q018, Q019, Q020, Q089, Q090, Q091, Q092, Q093, Q094, Q095, Q096, Q097, Q098, Q099, Q100",Awaiting answer,,
Q009,,Which domain roles need separate permissions in the first delivery?,"Viewer, requester, operator, independent approver and platform administrator; combine only where separation does not weaken approval.",,Candidate decision; refine rationale and exact downstream dependencies when prerequisites are answered.,FR-005 FR-015 FR-014,Q001 Q002 Q003 Q008,"Q021, Q022, Q023, Q024, Q025, Q026, Q027, Q028, Q029, Q030, Q031, Q032, Q033, Q034, Q035, Q036, Q037, Q038, Q039, Q040, Q041, Q042, Q043, Q044, Q045, Q046",Draft — not asked,,
Q010,,"Should users belong to multiple domains, and how should they choose their active working context?",Allow explicit memberships with a clearly selected active domain; never infer membership from a filter.,,Candidate decision; refine rationale and exact downstream dependencies when prerequisites are answered.,FR-005 FR-015 FR-014,Q001 Q002 Q003 Q008,Q099 package review and Q100 shared-understanding confirmation,Draft — not asked,,
Q011,,Should a domain owner read other domains' aggregate capacity while being denied their record details?,No cross-domain visibility by default; a separate aggregate-report permission only if needed.,,Candidate decision; refine rationale and exact downstream dependencies when prerequisites are answered.,FR-005 FR-015 FR-014,Q001 Q002 Q003 Q008,Q099 package review and Q100 shared-understanding confirmation,Draft — not asked,,
Q012,,Should region be an access-control boundary or only a planning/filter dimension inside a domain?,A planning dimension initially; add region-restricted rights only if operational ownership requires them.,,Candidate decision; refine rationale and exact downstream dependencies when prerequisites are answered.,FR-005 FR-015 FR-014,Q001 Q002 Q003 Q008,"Q021, Q022, Q023, Q024, Q025, Q026, Q027, Q028, Q029, Q030, Q031, Q032",Draft — not asked,,
Q013,,How should platform administrators interact with domain approvals?,Manage configuration without silently bypassing independent operational approval.,,Candidate decision; refine rationale and exact downstream dependencies when prerequisites are answered.,FR-005 FR-015 FR-014,Q001 Q002 Q003 Q008,Q099 package review and Q100 shared-understanding confirmation,Draft — not asked,,
Q014,,What should happen to pending requests when an actor loses domain access?,Block further privileged action and require reassignment/review; retain the historical actor.,,Candidate decision; refine rationale and exact downstream dependencies when prerequisites are answered.,FR-005 FR-015 FR-014,Q001 Q002 Q003 Q008,"Q033, Q034, Q035, Q036, Q037, Q038, Q039, Q040, Q041, Q042, Q043, Q044, Q045, Q046",Draft — not asked,,
Q015,,Should the first identity boundary use explicitly labeled demo actors or a selected trusted login?,Match Q001's evidence tier; do not imply trusted authentication from a demo selector.,,Candidate decision; refine rationale and exact downstream dependencies when prerequisites are answered.,FR-005 FR-015 FR-014,Q001 Q002 Q003 Q008,"Q047, Q048, Q049, Q050, Q051, Q052, Q053, Q054, Q055, Q056, Q057, Q058, Q081, Q082, Q083, Q084, Q085, Q086, Q087, Q088",Draft — not asked,,
Q016,,Which single enterprise authentication method should receive priority if trusted login is selected?,One agreed identity-provider flow; document other methods as unsupported.,,Candidate decision; refine rationale and exact downstream dependencies when prerequisites are answered.,FR-005 FR-015 FR-014,Q001 Q002 Q003 Q008,Q099 package review and Q100 shared-understanding confirmation,Draft — not asked,,
Q017,,What service-credential operations must the first operator flow expose?,Reference configured credentials and connection status; keep secret retrieval out of ordinary UI.,,Candidate decision; refine rationale and exact downstream dependencies when prerequisites are answered.,FR-005 FR-015 FR-014,Q001 Q002 Q003 Q008,Q099 package review and Q100 shared-understanding confirmation,Draft — not asked,,
Q018,,"Should migration, ticket routing and subscriber operations share one permission model?","Yes, one scoped action matrix with separate operation rights and no caller-supplied trusted role.",,Candidate decision; refine rationale and exact downstream dependencies when prerequisites are answered.,FR-005 FR-015 FR-014,Q001 Q002 Q003 Q008,"Q021, Q022, Q023, Q024, Q025, Q026, Q027, Q028, Q029, Q030, Q031, Q032, Q047, Q048, Q049, Q050, Q051, Q052, Q053, Q054, Q055, Q056, Q057, Q058",Draft — not asked,,
Q019,,"Who may change domain ownership, and what review is required?",Platform administrator proposes; affected owner reviews; preserve before/after history.,,Candidate decision; refine rationale and exact downstream dependencies when prerequisites are answered.,FR-005 FR-015 FR-014,Q001 Q002 Q003 Q008,Q099 package review and Q100 shared-understanding confirmation,Draft — not asked,,
Q020,,Should public/private address restrictions be fixed named policies or administrator-editable rules?,"A small explicit policy set, including domain/family restrictions; defer arbitrary rule authoring.",,Candidate decision; refine rationale and exact downstream dependencies when prerequisites are answered.,FR-005 FR-015 FR-014,Q001 Q002 Q003 Q008,"Q021, Q022, Q023, Q024, Q025, Q026, Q027, Q028, Q029, Q030, Q031, Q032, Q033, Q034, Q035, Q036, Q037, Q038, Q039, Q040, Q041, Q042, Q043, Q044, Q045, Q046",Draft — not asked,,
Q021,,"Which import contract is essential for the first migration page: current canonical format, one CSV mapping, or a specific legacy export?",Current canonical input plus one explicitly chosen source mapping only if needed for the centerpiece.,,Candidate decision; refine rationale and exact downstream dependencies when prerequisites are answered.,FR-002 FR-014 FR-018 FR-021,Q001 Q002 Q004 Q009 Q012 Q018 Q020,Q099 package review and Q100 shared-understanding confirmation,Draft — not asked,,
Q022,,Should the first migration milestone stop at comparison/validation or include approved activation?,"Comparison/validation first; activation only with a separate transaction, authority and rollback gate.",,Candidate decision; refine rationale and exact downstream dependencies when prerequisites are answered.,FR-002 FR-014 FR-018 FR-021,Q001 Q002 Q004 Q009 Q012 Q018 Q020,"Q033, Q034, Q035, Q036, Q037, Q038, Q039, Q040, Q041, Q042, Q043, Q044, Q045, Q046, Q089, Q090, Q091, Q092, Q093, Q094, Q095, Q096, Q097, Q098, Q099, Q100",Draft — not asked,,
Q023,,Should input validation reject the entire candidate or retain valid rows alongside visible rejects?,Retain row-level dispositions for review; block activation if required identity/authority fields are invalid.,,Candidate decision; refine rationale and exact downstream dependencies when prerequisites are answered.,FR-002 FR-014 FR-018 FR-021,Q001 Q002 Q004 Q009 Q012 Q018 Q020,Q099 package review and Q100 shared-understanding confirmation,Draft — not asked,,
Q024,,How should operators resolve a candidate that disagrees with approved local assignments?,Explicitly review conflicts; local approved assignments remain protected until an authorized resolution.,,Candidate decision; refine rationale and exact downstream dependencies when prerequisites are answered.,FR-002 FR-014 FR-018 FR-021,Q001 Q002 Q004 Q009 Q012 Q018 Q020,Q099 package review and Q100 shared-understanding confirmation,Draft — not asked,,
Q025,,What comparison categories must the recipient see before sign-off?,"Added, changed, unchanged, duplicate, rejected and conflicting, with exact counts and source references.",,Candidate decision; refine rationale and exact downstream dependencies when prerequisites are answered.,FR-002 FR-014 FR-018 FR-021,Q001 Q002 Q004 Q009 Q012 Q018 Q020,Q099 package review and Q100 shared-understanding confirmation,Draft — not asked,,
Q026,,Who approves source-to-scope/domain mappings?,The responsible domain owner independently of the importer.,,Candidate decision; refine rationale and exact downstream dependencies when prerequisites are answered.,FR-002 FR-014 FR-018 FR-021,Q001 Q002 Q004 Q009 Q012 Q018 Q020,Q099 package review and Q100 shared-understanding confirmation,Draft — not asked,,
Q027,,Should users be able to correct imported values in place?,Preserve raw input; corrections create a versioned mapping/candidate with an audit trail.,,Candidate decision; refine rationale and exact downstream dependencies when prerequisites are answered.,FR-002 FR-014 FR-018 FR-021,Q001 Q002 Q004 Q009 Q012 Q018 Q020,Q099 package review and Q100 shared-understanding confirmation,Draft — not asked,,
Q028,,What counts as successful migration validation for the first selected dataset?,"All records accounted for, required fields valid, approved conflicts resolved and agreed before/after totals reconciled.",,Candidate decision; refine rationale and exact downstream dependencies when prerequisites are answered.,FR-002 FR-014 FR-018 FR-021,Q001 Q002 Q004 Q009 Q012 Q018 Q020,"Q089, Q090, Q091, Q092, Q093, Q094, Q095, Q096, Q097, Q098, Q099, Q100",Draft — not asked,,
Q029,,"Should migration waves be per domain, region or data-source dependency?","Dependency-ordered domain waves, with region subdivision only where useful.",,Candidate decision; refine rationale and exact downstream dependencies when prerequisites are answered.,FR-002 FR-014 FR-018 FR-021,Q001 Q002 Q004 Q009 Q012 Q018 Q020,Q099 package review and Q100 shared-understanding confirmation,Draft — not asked,,
Q030,,What should invalidate an already approved migration preview?,"Any material change to candidate content, authority, mapping or active reviewed inventory.",,Candidate decision; refine rationale and exact downstream dependencies when prerequisites are answered.,FR-002 FR-014 FR-018 FR-021,Q001 Q002 Q004 Q009 Q012 Q018 Q020,Q099 package review and Q100 shared-understanding confirmation,Draft — not asked,,
Q031,,"If cutover is selected, how should rollback handle legitimate writes after activation?",Stop/review the affected write window and use an explicit reconciliation/compensation rule; never blindly restore over new work.,,Candidate decision; refine rationale and exact downstream dependencies when prerequisites are answered.,FR-002 FR-014 FR-018 FR-021,Q001 Q002 Q004 Q009 Q012 Q018 Q020,Q099 package review and Q100 shared-understanding confirmation,Draft — not asked,,
Q032,,Who signs off the validation/recipient pack before the next wave starts?,Independent domain recipient plus lead acceptance; importer cannot self-sign-off.,,Candidate decision; refine rationale and exact downstream dependencies when prerequisites are answered.,FR-002 FR-014 FR-018 FR-021,Q001 Q002 Q004 Q009 Q012 Q018 Q020,"Q089, Q090, Q091, Q092, Q093, Q094, Q095, Q096, Q097, Q098, Q099, Q100",Draft — not asked,,
Q033,,Which address lifecycle states must be visible in the first delivery?,"Available, reserved, allocated, reclaim candidate and released, with pending approvals tracked separately.",,Candidate decision; refine rationale and exact downstream dependencies when prerequisites are answered.,FR-003 FR-004 FR-014 FR-022,Q001 Q002 Q009 Q014 Q020 Q022,"Q071, Q072, Q073, Q074, Q075, Q076, Q077, Q078, Q079, Q080",Draft — not asked,,
Q034,,Should reservation consume assignable capacity immediately?,Yes once the reservation is validly committed; pending requests alone never reserve.,,Candidate decision; refine rationale and exact downstream dependencies when prerequisites are answered.,FR-003 FR-004 FR-014 FR-022,Q001 Q002 Q009 Q014 Q020 Q022,Q099 package review and Q100 shared-understanding confirmation,Draft — not asked,,
Q035,,Who may create or extend a reservation?,"Authorized domain operator with reason, owner and bounded expiry; extension is audited.",,Candidate decision; refine rationale and exact downstream dependencies when prerequisites are answered.,FR-003 FR-004 FR-014 FR-022,Q001 Q002 Q009 Q014 Q020 Q022,Q099 package review and Q100 shared-understanding confirmation,Draft — not asked,,
Q036,,How should overdue reservations behave?,Raise an owner alert and review candidate; do not automatically free them.,,Candidate decision; refine rationale and exact downstream dependencies when prerequisites are answered.,FR-003 FR-004 FR-014 FR-022,Q001 Q002 Q009 Q014 Q020 Q022,"Q071, Q072, Q073, Q074, Q075, Q076, Q077, Q078, Q079, Q080",Draft — not asked,,
Q037,,Which reservation-aging interval should trigger the first alert?,A configurable explicitly labeled demo policy; choose the operational interval before a live claim.,,Candidate decision; refine rationale and exact downstream dependencies when prerequisites are answered.,FR-003 FR-004 FR-014 FR-022,Q001 Q002 Q009 Q014 Q020 Q022,Q099 package review and Q100 shared-understanding confirmation,Draft — not asked,,
Q038,,Should subscriber identity be a minimal opaque service reference or a richer customer profile?,Opaque source-owned service reference with only fields needed for routing and change review.,,Candidate decision; refine rationale and exact downstream dependencies when prerequisites are answered.,FR-003 FR-004 FR-014 FR-022,Q001 Q002 Q009 Q014 Q020 Q022,"Q047, Q048, Q049, Q050, Q051, Q052, Q053, Q054, Q055, Q056, Q057, Q058",Draft — not asked,,
Q039,,"Does reassignment mean changing the IP's owner, changing the subscriber's address, or moving an assignment between services?",Choose one exact operation for the first path and specify the others as future scope.,,Candidate decision; refine rationale and exact downstream dependencies when prerequisites are answered.,FR-003 FR-004 FR-014 FR-022,Q001 Q002 Q009 Q014 Q020 Q022,"Q047, Q048, Q049, Q050, Q051, Q052, Q053, Q054, Q055, Q056, Q057, Q058",Draft — not asked,,
Q040,,Who is authoritative for subscriber/service ownership when systems disagree?,One named external authority per field with conflicts requiring review; IPAM owns only its declared intended state.,,Candidate decision; refine rationale and exact downstream dependencies when prerequisites are answered.,FR-003 FR-004 FR-014 FR-022,Q001 Q002 Q009 Q014 Q020 Q022,"Q047, Q048, Q049, Q050, Q051, Q052, Q053, Q054, Q055, Q056, Q057, Q058, Q071, Q072, Q073, Q074, Q075, Q076, Q077, Q078, Q079, Q080",Draft — not asked,,
Q041,,What evidence must make an allocation eligible for a reclaim proposal?,Complete applicable observations plus ownership/policy checks; silence alone is insufficient.,,Candidate decision; refine rationale and exact downstream dependencies when prerequisites are answered.,FR-003 FR-004 FR-014 FR-022,Q001 Q002 Q009 Q014 Q020 Q022,Q099 package review and Q100 shared-understanding confirmation,Draft — not asked,,
Q042,,Should human approval authorize local release immediately or only an external execution request?,"Authorize the requested step, then keep release dependent on the chosen external/validation gate.",,Candidate decision; refine rationale and exact downstream dependencies when prerequisites are answered.,FR-003 FR-004 FR-014 FR-022,Q001 Q002 Q009 Q014 Q020 Q022,Q099 package review and Q100 shared-understanding confirmation,Draft — not asked,,
Q043,,What should happen when an approver repeatedly refuses recycling?,"Retain refusal reason, surface age and route an escalation/report; never override by retry count.",,Candidate decision; refine rationale and exact downstream dependencies when prerequisites are answered.,FR-003 FR-004 FR-014 FR-022,Q001 Q002 Q009 Q014 Q020 Q022,Q099 package review and Q100 shared-understanding confirmation,Draft — not asked,,
Q044,,"How long should source evidence, decisions and audit lineage remain available?",Retain all bridge evidence through review/handoff; choose separate operational retention classes before production use.,,Candidate decision; refine rationale and exact downstream dependencies when prerequisites are answered.,FR-003 FR-004 FR-014 FR-022,Q001 Q002 Q009 Q014 Q020 Q022,Q099 package review and Q100 shared-understanding confirmation,Draft — not asked,,
Q045,,"Who can request deletion/redaction, and how must it preserve audit meaning?",A restricted data owner process with tombstone/reference continuity; no ordinary operator hard delete.,,Candidate decision; refine rationale and exact downstream dependencies when prerequisites are answered.,FR-003 FR-004 FR-014 FR-022,Q001 Q002 Q009 Q014 Q020 Q022,Q099 package review and Q100 shared-understanding confirmation,Draft — not asked,,
Q046,,Should lifecycle states be fixed for this delivery or editable by administrators?,Fixed reviewed transitions first; configurable states/workflow enforcement is a separate capability.,,Candidate decision; refine rationale and exact downstream dependencies when prerequisites are answered.,FR-003 FR-004 FR-014 FR-022,Q001 Q002 Q009 Q014 Q020 Q022,"Q089, Q090, Q091, Q092, Q093, Q094, Q095, Q096, Q097, Q098, Q099, Q100",Draft — not asked,,
Q047,,"Which ServiceNow object should represent the first IP workflow: incident, request/change, or a custom record?",Use the object matching the selected business action; do not treat all cases as incidents.,,Candidate decision; refine rationale and exact downstream dependencies when prerequisites are answered.,FR-004 FR-009 FR-011 FR-015,Q001 Q002 Q006 Q015 Q018 Q038 Q039 Q040,"Q059, Q060, Q061, Q062, Q063, Q064, Q065, Q066, Q067, Q068, Q069, Q070",Draft — not asked,,
Q048,,Which ticket operations are necessary for the first path?,"Create, correlate, read status and record recipient acknowledgement; defer general bidirectional editing.",,Candidate decision; refine rationale and exact downstream dependencies when prerequisites are answered.,FR-004 FR-009 FR-011 FR-015,Q001 Q002 Q006 Q015 Q018 Q038 Q039 Q040,"Q059, Q060, Q061, Q062, Q063, Q064, Q065, Q066, Q067, Q068, Q069, Q070",Draft — not asked,,
Q049,,"Should ticket creation happen before approval, after approval, or only on an exception?",Create the review/routing record before approval for the chosen flow; execution remains gated.,,Candidate decision; refine rationale and exact downstream dependencies when prerequisites are answered.,FR-004 FR-009 FR-011 FR-015,Q001 Q002 Q006 Q015 Q018 Q038 Q039 Q040,Q099 package review and Q100 shared-understanding confirmation,Draft — not asked,,
Q050,,What determines the destination team when more than one mapping matches?,A single approved domain/action routing map; ambiguous routes block submission for owner resolution.,,Candidate decision; refine rationale and exact downstream dependencies when prerequisites are answered.,FR-004 FR-009 FR-011 FR-015,Q001 Q002 Q006 Q015 Q018 Q038 Q039 Q040,Q099 package review and Q100 shared-understanding confirmation,Draft — not asked,,
Q051,,Should an external ticket approval be sufficient to authorize an IPAM mutation?,"Only after trusted identity, scoped permission and current-version checks; never trust a status string alone.",,Candidate decision; refine rationale and exact downstream dependencies when prerequisites are answered.,FR-004 FR-009 FR-011 FR-015,Q001 Q002 Q006 Q015 Q018 Q038 Q039 Q040,Q099 package review and Q100 shared-understanding confirmation,Draft — not asked,,
Q052,,What should users see when ticket creation times out?,Delivery unknown with correlation lookup/retry action; never show a fabricated ticket number.,,Candidate decision; refine rationale and exact downstream dependencies when prerequisites are answered.,FR-004 FR-009 FR-011 FR-015,Q001 Q002 Q006 Q015 Q018 Q038 Q039 Q040,Q099 package review and Q100 shared-understanding confirmation,Draft — not asked,,
Q053,,Who may retry a failed external operation and under what bound?,Authorized owner retries the same logical action with a bounded policy; unresolved outcome is reconciled first.,,Candidate decision; refine rationale and exact downstream dependencies when prerequisites are answered.,FR-004 FR-009 FR-011 FR-015,Q001 Q002 Q006 Q015 Q018 Q038 Q039 Q040,Q099 package review and Q100 shared-understanding confirmation,Draft — not asked,,
Q054,,What should happen if IPAM commits locally but external provisioning fails?,Retain committed local state and show failed external outcome; use reviewed compensation or repair.,,Candidate decision; refine rationale and exact downstream dependencies when prerequisites are answered.,FR-004 FR-009 FR-011 FR-015,Q001 Q002 Q006 Q015 Q018 Q038 Q039 Q040,Q099 package review and Q100 shared-understanding confirmation,Draft — not asked,,
Q055,,Which source decides whether a subscriber change actually completed?,"Authoritative external readback plus required IPAM reconciliation, not ticket closure alone.",,Candidate decision; refine rationale and exact downstream dependencies when prerequisites are answered.,FR-004 FR-009 FR-011 FR-015,Q001 Q002 Q006 Q015 Q018 Q038 Q039 Q040,Q099 package review and Q100 shared-understanding confirmation,Draft — not asked,,
Q056,,Should ticket attachments include raw source/customer data?,"Sanitized summaries and stable references only, with a separate approved policy for any sensitive evidence.",,Candidate decision; refine rationale and exact downstream dependencies when prerequisites are answered.,FR-004 FR-009 FR-011 FR-015,Q001 Q002 Q006 Q015 Q018 Q038 Q039 Q040,Q099 package review and Q100 shared-understanding confirmation,Draft — not asked,,
Q057,,"Which related integration is essential after ServiceNow: CMDB, provisioning, or OSS/BSS?",Choose only the dependency required by the selected end-to-end flow; document others as interface gaps.,,Candidate decision; refine rationale and exact downstream dependencies when prerequisites are answered.,FR-004 FR-009 FR-011 FR-015,Q001 Q002 Q006 Q015 Q018 Q038 Q039 Q040,Q099 package review and Q100 shared-understanding confirmation,Draft — not asked,,
Q058,,What must an integration matrix contain before an implementation worker starts?,"Named product/version, operation, direction, identity, payload/errors, authority, retry/timeout, mode and proof gate.",,Candidate decision; refine rationale and exact downstream dependencies when prerequisites are answered.,FR-004 FR-009 FR-011 FR-015,Q001 Q002 Q006 Q015 Q018 Q038 Q039 Q040,"Q059, Q060, Q061, Q062, Q063, Q064, Q065, Q066, Q067, Q068, Q069, Q070, Q081, Q082, Q083, Q084, Q085, Q086, Q087, Q088, Q089, Q090, Q091, Q092, Q093, Q094, Q095, Q096, Q097, Q098, Q099, Q100",Draft — not asked,,
Q059,,Which DHCP operation should the first tab support?,One reviewed reservation/assignment-related operation aligned with the selected lifecycle flow.,,Candidate decision; refine rationale and exact downstream dependencies when prerequisites are answered.,FR-007 FR-009 FR-010 FR-011 FR-012 FR-018,Q001 Q002 Q006 Q047 Q048 Q058,"Q071, Q072, Q073, Q074, Q075, Q076, Q077, Q078, Q079, Q080",Draft — not asked,,
Q060,,Should DHCP observed leases and IPAM reservations remain separate records?,"Yes, with explicit source authority and reconciliation between intended and observed state.",,Candidate decision; refine rationale and exact downstream dependencies when prerequisites are answered.,FR-007 FR-009 FR-010 FR-011 FR-012 FR-018,Q001 Q002 Q006 Q047 Q048 Q058,Q099 package review and Q100 shared-understanding confirmation,Draft — not asked,,
Q061,,What should happen if a DHCP update succeeds but readback is delayed?,Keep verification pending until authoritative readback or a timed escalation; do not label failure or success prematurely.,,Candidate decision; refine rationale and exact downstream dependencies when prerequisites are answered.,FR-007 FR-009 FR-010 FR-011 FR-012 FR-018,Q001 Q002 Q006 Q047 Q048 Q058,Q099 package review and Q100 shared-understanding confirmation,Draft — not asked,,
Q062,,"Which access-network integration outcome has priority: inventory, lease/subscriber correlation or configuration change?",Read-only inventory/correlation first; defer configuration changes.,,Candidate decision; refine rationale and exact downstream dependencies when prerequisites are answered.,FR-007 FR-009 FR-010 FR-011 FR-012 FR-018,Q001 Q002 Q006 Q047 Q048 Q058,"Q071, Q072, Q073, Q074, Q075, Q076, Q077, Q078, Q079, Q080",Draft — not asked,,
Q063,,Which candidate platform should the first access-network contract target?,Select one actual product family required for the chosen outcome; research its official interface after selection.,,Candidate decision; refine rationale and exact downstream dependencies when prerequisites are answered.,FR-007 FR-009 FR-010 FR-011 FR-012 FR-018,Q001 Q002 Q006 Q047 Q048 Q058,Q099 package review and Q100 shared-understanding confirmation,Draft — not asked,,
Q064,,What is the first EMS operation worth supporting?,One read-only inventory/status operation tied to a required comparison; no generic EMS claim.,,Candidate decision; refine rationale and exact downstream dependencies when prerequisites are answered.,FR-007 FR-009 FR-010 FR-011 FR-012 FR-018,Q001 Q002 Q006 Q047 Q048 Q058,"Q071, Q072, Q073, Q074, Q075, Q076, Q077, Q078, Q079, Q080",Draft — not asked,,
Q065,,"Should DNS scope include imported evidence, live reads or only export of validated IPAM information?",Validated export plus supplied evidence; live reads only if necessary and separately available.,,Candidate decision; refine rationale and exact downstream dependencies when prerequisites are answered.,FR-007 FR-009 FR-010 FR-011 FR-012 FR-018,Q001 Q002 Q006 Q047 Q048 Q058,"Q071, Q072, Q073, Q074, Q075, Q076, Q077, Q078, Q079, Q080",Draft — not asked,,
Q066,,Which events must be supported in the first event-driven flow?,The committed import and selected approved-change/ticket events; keep the list closed.,,Candidate decision; refine rationale and exact downstream dependencies when prerequisites are answered.,FR-007 FR-009 FR-010 FR-011 FR-012 FR-018,Q001 Q002 Q006 Q047 Q048 Q058,Q099 package review and Q100 shared-understanding confirmation,Draft — not asked,,
Q067,,How should late/out-of-order events be handled?,Reject stale state-changing versions and retain an explained record for reconciliation.,,Candidate decision; refine rationale and exact downstream dependencies when prerequisites are answered.,FR-007 FR-009 FR-010 FR-011 FR-012 FR-018,Q001 Q002 Q006 Q047 Q048 Q058,Q099 package review and Q100 shared-understanding confirmation,Draft — not asked,,
Q068,,How should duplicate events with the same ID but changed payload be handled?,Conflict visibly; do not reinterpret a prior accepted action.,,Candidate decision; refine rationale and exact downstream dependencies when prerequisites are answered.,FR-007 FR-009 FR-010 FR-011 FR-012 FR-018,Q001 Q002 Q006 Q047 Q048 Q058,Q099 package review and Q100 shared-understanding confirmation,Draft — not asked,,
Q069,,Should event failures retry automatically or require an operator action?,Bounded automatic retry only for demonstrably safe transport failures; ambiguous effects require reconciliation.,,Candidate decision; refine rationale and exact downstream dependencies when prerequisites are answered.,FR-007 FR-009 FR-010 FR-011 FR-012 FR-018,Q001 Q002 Q006 Q047 Q048 Q058,Q099 package review and Q100 shared-understanding confirmation,Draft — not asked,,
Q070,,What should happen to queued/in-flight work when a connector is disabled?,"Stop new delivery, retain pending/unknown work and require explicit reconciliation before resuming.",,Candidate decision; refine rationale and exact downstream dependencies when prerequisites are answered.,FR-007 FR-009 FR-010 FR-011 FR-012 FR-018,Q001 Q002 Q006 Q047 Q048 Q058,Q099 package review and Q100 shared-understanding confirmation,Draft — not asked,,
Q071,,What business distinction should separate an alert from an alarm?,Alert requests attention; alarm is a persistent/escalated operational condition with explicit clearance policy.,,Candidate decision; refine rationale and exact downstream dependencies when prerequisites are answered.,FR-001 FR-006 FR-008 FR-013 FR-014 FR-019,Q002 Q005 Q033 Q036 Q040 Q059 Q062 Q064 Q065,Q099 package review and Q100 shared-understanding confirmation,Draft — not asked,,
Q072,,Which conditions should escalate immediately rather than wait for aging?,Confirmed assignment conflict or critical health failure; evidence-unknown conditions remain separately labeled.,,Candidate decision; refine rationale and exact downstream dependencies when prerequisites are answered.,FR-001 FR-006 FR-008 FR-013 FR-014 FR-019,Q002 Q005 Q033 Q036 Q040 Q059 Q062 Q064 Q065,Q099 package review and Q100 shared-understanding confirmation,Draft — not asked,,
Q073,,"Should acknowledgement suppress reminders, stop escalation, or only record ownership?",Record ownership and apply an explicit reminder rule; never clear evidence or universally stop escalation.,,Candidate decision; refine rationale and exact downstream dependencies when prerequisites are answered.,FR-001 FR-006 FR-008 FR-013 FR-014 FR-019,Q002 Q005 Q033 Q036 Q040 Q059 Q062 Q064 Q065,Q099 package review and Q100 shared-understanding confirmation,Draft — not asked,,
Q074,,What must clear an alarm when source data has become incomplete?,A healthy comparable observation or explicit reviewed operational resolution; incomplete evidence cannot clear it.,,Candidate decision; refine rationale and exact downstream dependencies when prerequisites are answered.,FR-001 FR-006 FR-008 FR-013 FR-014 FR-019,Q002 Q005 Q033 Q036 Q040 Q059 Q062 Q064 Q065,Q099 package review and Q100 shared-understanding confirmation,Draft — not asked,,
Q075,,Which utilization measure should headline each block view?,IPv4 active lease occupancy for applicable DHCP pools; separate intended allocation and IPv6 delegated-prefix capacity.,,Candidate decision; refine rationale and exact downstream dependencies when prerequisites are answered.,FR-001 FR-006 FR-008 FR-013 FR-014 FR-019,Q002 Q005 Q033 Q036 Q040 Q059 Q062 Q064 Q065,"Q081, Q082, Q083, Q084, Q085, Q086, Q087, Q088",Draft — not asked,,
Q076,,"Does the requested prefix proposal mean filling missing intended inventory, capacity expansion, or both?",Support both as distinctly labeled proposal types with separate evidence/approval gates if time permits.,,Candidate decision; refine rationale and exact downstream dependencies when prerequisites are answered.,FR-001 FR-006 FR-008 FR-013 FR-014 FR-019,Q002 Q005 Q033 Q036 Q040 Q059 Q062 Q064 Q065,Q099 package review and Q100 shared-understanding confirmation,Draft — not asked,,
Q077,,Should current pressure/oversize thresholds be retained or replaced by a new operational policy?,Retain current documented demo thresholds until a named owner adopts a new policy; show them explicitly.,,Candidate decision; refine rationale and exact downstream dependencies when prerequisites are answered.,FR-001 FR-006 FR-008 FR-013 FR-014 FR-019,Q002 Q005 Q033 Q036 Q040 Q059 Q062 Q064 Q065,Q099 package review and Q100 shared-understanding confirmation,Draft — not asked,,
Q078,,How should suspected hijacking be presented without an authoritative authorization source?,"Suspected unauthorized-use discrepancy requiring review, with no definitive hijack claim.",,Candidate decision; refine rationale and exact downstream dependencies when prerequisites are answered.,FR-001 FR-006 FR-008 FR-013 FR-014 FR-019,Q002 Q005 Q033 Q036 Q040 Q059 Q062 Q064 Q065,Q099 package review and Q100 shared-understanding confirmation,Draft — not asked,,
Q079,,Which metadata/process gaps should the first maturity report prioritize?,"Source ownership, scope mapping, lifecycle accountability, evidence quality and integration readiness.",,Candidate decision; refine rationale and exact downstream dependencies when prerequisites are answered.,FR-001 FR-006 FR-008 FR-013 FR-014 FR-019,Q002 Q005 Q033 Q036 Q040 Q059 Q062 Q064 Q065,Q099 package review and Q100 shared-understanding confirmation,Draft — not asked,,
Q080,,How should the evidence report present partially working clauses within a promoted target row?,"Separate accepted capability, new observation, remaining clause and intended target; no binary done label.",,Candidate decision; refine rationale and exact downstream dependencies when prerequisites are answered.,FR-001 FR-006 FR-008 FR-013 FR-014 FR-019,Q002 Q005 Q033 Q036 Q040 Q059 Q062 Q064 Q065,"Q081, Q082, Q083, Q084, Q085, Q086, Q087, Q088, Q089, Q090, Q091, Q092, Q093, Q094, Q095, Q096, Q097, Q098, Q099, Q100",Draft — not asked,,
Q081,,Should HA/active-active work be an implementation goal or a documented future qualification path in the three-day bridge?,Future qualification path; preserve the current architecture for the bounded delivery.,,Candidate decision; refine rationale and exact downstream dependencies when prerequisites are answered.,FR-016 FR-017 FR-018 FR-021,Q001 Q004 Q006 Q007 Q015 Q058 Q075 Q080,"Q089, Q090, Q091, Q092, Q093, Q094, Q095, Q096, Q097, Q098, Q099, Q100",Draft — not asked,,
Q082,,What recovery boundary should the next evidence protocol measure?,"Full declared operator recovery from an agreed incident start, listing all excluded prerequisites separately.",,Candidate decision; refine rationale and exact downstream dependencies when prerequisites are answered.,FR-016 FR-017 FR-018 FR-021,Q001 Q004 Q006 Q007 Q015 Q058 Q075 Q080,Q099 package review and Q100 shared-understanding confirmation,Draft — not asked,,
Q083,,Which encryption requirement must be delivered now versus specified for later qualification?,State transport and at-rest controls separately; implement neither by implication from a TLS note.,,Candidate decision; refine rationale and exact downstream dependencies when prerequisites are answered.,FR-016 FR-017 FR-018 FR-021,Q001 Q004 Q006 Q007 Q015 Q058 Q075 Q080,Q099 package review and Q100 shared-understanding confirmation,Draft — not asked,,
Q084,,"For carrier-grade scope, which workload matters most: inventory reads, change transactions or observation ingestion?",Choose the dominant workload and a realistic mixed workload for the eventual qualification protocol.,,Candidate decision; refine rationale and exact downstream dependencies when prerequisites are answered.,FR-016 FR-017 FR-018 FR-021,Q001 Q004 Q006 Q007 Q015 Q058 Q075 Q080,Q099 package review and Q100 shared-understanding confirmation,Draft — not asked,,
Q085,,What must count as an active address for the large-IPv4 requirement?,"An individually stored, current scoped assignment under a declared definition; address-range capacity does not count.",,Candidate decision; refine rationale and exact downstream dependencies when prerequisites are answered.,FR-016 FR-017 FR-018 FR-021,Q001 Q004 Q006 Q007 Q015 Q058 Q075 Q080,Q099 package review and Q100 shared-understanding confirmation,Draft — not asked,,
Q086,,What record/history composition should the million-record requirement cover?,"Specify inventory, lease observations, source history and audit separately, with actual stored counts.",,Candidate decision; refine rationale and exact downstream dependencies when prerequisites are answered.,FR-016 FR-017 FR-018 FR-021,Q001 Q004 Q006 Q007 Q015 Q058 Q075 Q080,Q099 package review and Q100 shared-understanding confirmation,Draft — not asked,,
Q087,,What concurrency/latency/error budget should large-team qualification require?,"Named simultaneous active users and operation mix, with p95 response/error thresholds and sustained duration agreed before measurement.",,Candidate decision; refine rationale and exact downstream dependencies when prerequisites are answered.,FR-016 FR-017 FR-018 FR-021,Q001 Q004 Q006 Q007 Q015 Q058 Q075 Q080,Q099 package review and Q100 shared-understanding confirmation,Draft — not asked,,
Q088,,"If full-scale proof cannot fit this window, what deliverable is acceptable?",An honest bounded measurement plan/result and explicit gap; never extrapolated carrier-scale success.,,Candidate decision; refine rationale and exact downstream dependencies when prerequisites are answered.,FR-016 FR-017 FR-018 FR-021,Q001 Q004 Q006 Q007 Q015 Q058 Q075 Q080,"Q089, Q090, Q091, Q092, Q093, Q094, Q095, Q096, Q097, Q098, Q099, Q100",Draft — not asked,,
Q089,,Should Spencer's Day 1 matrix cover only selected delivery integrations or every integration row in the questionnaire?,Cover every integration row at inventory/status level; provide executable-contract detail only for selected delivery interfaces.,,Candidate decision; refine rationale and exact downstream dependencies when prerequisites are answered.,FR-001 FR-009 FR-020 FR-021 FR-022,Q001 Q002 Q007 Q008 Q022 Q028 Q032 Q046 Q058 Q080 Q081 Q088,Q099 package review and Q100 shared-understanding confirmation,Draft — not asked,,
Q090,,Should Spencer's Day 2 validation pack target one agreed recipient environment or remain host-neutral?,Target one agreed environment with exact prerequisites and preserve explicit unverified-platform limits.,,Candidate decision; refine rationale and exact downstream dependencies when prerequisites are answered.,FR-001 FR-009 FR-020 FR-021 FR-022,Q001 Q002 Q007 Q008 Q022 Q028 Q032 Q046 Q058 Q080 Q081 Q088,Q099 package review and Q100 shared-understanding confirmation,Draft — not asked,,
Q091,,"Must Day 3 handoff be completed unaided by a human recipient, or is a guided rehearsal sufficient for this milestone?",Require one guided human rehearsal plus retained results; mark unaided operation unverified unless actually observed.,,Candidate decision; refine rationale and exact downstream dependencies when prerequisites are answered.,FR-001 FR-009 FR-020 FR-021 FR-022,Q001 Q002 Q007 Q008 Q022 Q028 Q032 Q046 Q058 Q080 Q081 Q088,Q099 package review and Q100 shared-understanding confirmation,Draft — not asked,,
Q092,,Which corporate-evidence gaps must be assigned to a human owner immediately?,"References, staffing, licensing/support/SLA terms and compliance evidence; no agent-generated claims.",,Candidate decision; refine rationale and exact downstream dependencies when prerequisites are answered.,FR-001 FR-009 FR-020 FR-021 FR-022,Q001 Q002 Q007 Q008 Q022 Q028 Q032 Q046 Q058 Q080 Q081 Q088,Q099 package review and Q100 shared-understanding confirmation,Draft — not asked,,
Q093,,"Should license expiry raise an alarm while keeping an already running service available, as the meeting note proposes?",Preserve running service and raise an owner-visible alarm/escalation; separately define renewal and new-operation restrictions with the business owner.,,Recovered handwriting supports this proposal; it is not implemented behavior or an approved commercial term.,FR-001 FR-009 FR-020 FR-021 FR-022,Q001 Q002 Q007 Q008 Q022 Q028 Q032 Q046 Q058 Q080 Q081 Q088,Q099 package review and Q100 shared-understanding confirmation,Draft — not asked,,
Q094,,"Should the recipient API package prioritize an interactive reference, an offline contract pack, or both?",Both if the existing interactive reference can be reused; prioritize a versioned offline pack for portable handoff.,,Candidate decision; refine rationale and exact downstream dependencies when prerequisites are answered.,FR-001 FR-009 FR-020 FR-021 FR-022,Q001 Q002 Q007 Q008 Q022 Q028 Q032 Q046 Q058 Q080 Q081 Q088,Q099 package review and Q100 shared-understanding confirmation,Draft — not asked,,
Q095,,What scope gets dropped first when integration falls behind?,"Additional vendors, configurable workflow, broad identity methods and scale/HA implementation before the chosen complete flow.",,Candidate decision; refine rationale and exact downstream dependencies when prerequisites are answered.,FR-001 FR-009 FR-020 FR-021 FR-022,Q001 Q002 Q007 Q008 Q022 Q028 Q032 Q046 Q058 Q080 Q081 Q088,Q099 package review and Q100 shared-understanding confirmation,Draft — not asked,,
Q096,,Which independent-review findings should block the three-day handoff versus enter a disclosed follow-up backlog?,"Block authority, data-loss, false-evidence, broken primary-path and unresolved external-outcome defects; disclose bounded noncritical gaps.",,Candidate decision; refine rationale and exact downstream dependencies when prerequisites are answered.,FR-001 FR-009 FR-020 FR-021 FR-022,Q001 Q002 Q007 Q008 Q022 Q028 Q032 Q046 Q058 Q080 Q081 Q088,Q099 package review and Q100 shared-understanding confirmation,Draft — not asked,,
Q097,,When should difficult implementation escalate to Sol?,When the bounded owner cannot resolve a cross-cutting/contract-sensitive blocker within the agreed timebox; lead approves boundary changes.,,Candidate decision; refine rationale and exact downstream dependencies when prerequisites are answered.,FR-001 FR-009 FR-020 FR-021 FR-022,Q001 Q002 Q007 Q008 Q022 Q028 Q032 Q046 Q058 Q080 Q081 Q088,Q099 package review and Q100 shared-understanding confirmation,Draft — not asked,,
Q098,,What should Fable's post-lock advisory review focus on?,"Contradictions, missing failure/rollback cases, unsupported claims and critical-path realism; no acceptance authority.",,Candidate decision; refine rationale and exact downstream dependencies when prerequisites are answered.,FR-001 FR-009 FR-020 FR-021 FR-022,Q001 Q002 Q007 Q008 Q022 Q028 Q032 Q046 Q058 Q080 Q081 Q088,Q099 package review and Q100 shared-understanding confirmation,Draft — not asked,,
Q099,,"If time expires, what minimum combination of working paths must exist for you to accept a partial delivery?","The chosen centerpiece must complete through its evidence gate with honest integration labels, preserved state and usable handoff; additional incomplete paths remain deferred.",,Candidate decision; refine rationale and exact downstream dependencies when prerequisites are answered.,FR-001 FR-009 FR-020 FR-021 FR-022,Q001 Q002 Q007 Q008 Q022 Q028 Q032 Q046 Q058 Q080 Q081 Q088,Q100 shared-understanding confirmation,Draft — not asked,,
Q100,,"After reviewing the revised specification and all recorded decisions, do you confirm shared understanding and approve locking this specification for Main Lead 3.0 review?",Confirm only after every earlier answer and material conflict is reconciled; approval does not authorize implementation.,,Candidate decision; refine rationale and exact downstream dependencies when prerequisites are answered.,FR-001 FR-009 FR-020 FR-021 FR-022,Q001-Q099 all answered; revised complete specification presented; material conflicts resolved,Spec lock and Spec Kit plan/tasks,Draft — not asked,,
